구분,용도지역,공정표 관리번호,행정동,법정동,빈집판정일자,등급산정일자,빈집점수,등급판정결과
도시,제2종일반주거지역,경북_영천시_2022_01(도시),동부동,조교동,2023-05-15,2023-05-10,45,2등급
도시,제2종일반주거지역,경북_영천시_2022_01(도시),동부동,조교동,2023-05-10,2023-05-10,57,2등급
도시,제2종일반주거지역,경북_영천시_2022_01(도시),동부동,조교동,2023-05-10,2023-05-10,60,3등급
도시,제1종일반주거지역,경북_영천시_2022_01(도시),동부동,조교동,2023-05-12,2023-05-12,61,3등급
도시,제2종일반주거지역,경북_영천시_2022_01(도시),동부동,망정동,2023-05-15,2023-05-11,28,1등급
도시,제2종일반주거지역,경북_영천시_2022_01(도시),동부동,망정동,2023-05-12,2023-05-12,45,2등급
도시,제2종일반주거지역,경북_영천시_2022_01(도시),동부동,망정동,2023-05-15,2023-05-11,62,3등급
도시,제2종일반주거지역,경북_영천시_2022_01(도시),동부동,망정동,2023-05-15,2023-05-11,62,3등급
도시,제2종일반주거지역,경북_영천시_2022_01(도시),동부동,망정동,2023-05-11,2023-05-11,45,2등급
도시,제2종일반주거지역,경북_영천시_2022_01(도시),동부동,망정동,2023-05-11,2023-05-11,45,2등급
도시,제2종일반주거지역,경북_영천시_2022_01(도시),동부동,망정동,2023-05-15,2023-05-11,46,2등급
도시,제2종일반주거지역,경북_영천시_2022_01(도시),동부동,망정동,2023-05-15,2023-05-15,35,2등급
농어촌,자연녹지지역,경북_영천시_2022_01(비도시),동부동,망정동,2023-04-20,,66,일반빈집
도시,제2종일반주거지역,경북_영천시_2022_01(도시),동부동,망정동,2023-05-15,2023-05-11,41,2등급
도시,제2종일반주거지역,경북_영천시_2022_01(도시),동부동,망정동,2023-05-15,2023-05-11,39,2등급
도시,제2종일반주거지역,경북_영천시_2022_01(도시),동부동,야사동,2023-05-12,2023-05-12,45,2등급
도시,제2종일반주거지역,경북_영천시_2022_01(도시),동부동,야사동,2023-05-12,2023-05-12,60,3등급
도시,제2종일반주거지역,경북_영천시_2022_01(도시),동부동,야사동,2023-05-12,2023-05-12,41,2등급
도시,제2종일반주거지역,경북_영천시_2022_01(도시),동부동,야사동,2023-05-12,2023-05-12,42,2등급
도시,제2종일반주거지역,경북_영천시_2022_01(도시),동부동,야사동,2023-05-12,2023-05-12,34,2등급
도시,제2종일반주거지역,경북_영천시_2022_01(도시),동부동,야사동,2023-05-12,2023-05-12,35,2등급
도시,제2종일반주거지역,경북_영천시_2022_01(도시),동부동,야사동,2023-05-12,2023-05-12,46,2등급
도시,제2종일반주거지역,경북_영천시_2022_01(도시),동부동,야사동,2023-05-12,2023-05-12,46,2등급
도시,제1종일반주거지역,경북_영천시_2022_01(도시),동부동,야사동,2023-05-12,2023-05-12,36,2등급
도시,제2종일반주거지역,경북_영천시_2022_01(도시),동부동,야사동,2023-05-12,2023-05-12,62,3등급
도시,제2종일반주거지역,경북_영천시_2022_01(도시),중앙동,문내동,2023-05-11,2023-05-11,45,2등급
도시,제2종일반주거지역,경북_영천시_2022_01(도시),중앙동,문내동,2023-05-11,2023-05-11,78,3등급
도시,제2종일반주거지역,경북_영천시_2022_01(도시),중앙동,문내동,2023-05-11,2023-05-11,54,2등급
도시,제2종일반주거지역,경북_영천시_2022_01(도시),중앙동,문내동,2023-05-11,2023-05-11,60,3등급
도시,제2종일반주거지역,경북_영천시_2022_01(도시),중앙동,문내동,2023-05-11,2023-05-11,93,4등급
도시,제2종일반주거지역,경북_영천시_2022_01(도시),중앙동,문내동,2023-05-09,2023-05-09,33,2등급
도시,제2종일반주거지역,경북_영천시_2022_01(도시),중앙동,문내동,2023-05-09,2023-05-09,27,1등급
도시,일반상업지역,경북_영천시_2022_01(도시),중앙동,문내동,2023-05-11,2023-05-11,61,3등급
도시,일반상업지역,경북_영천시_2022_01(도시),중앙동,문내동,2023-05-11,2023-05-11,50,2등급
도시,일반상업지역,경북_영천시_2022_01(도시),중앙동,문내동,2023-05-11,2023-05-11,82,4등급
도시,일반상업지역,경북_영천시_2022_01(도시),중앙동,문내동,2023-05-11,2023-05-11,95,4등급
도시,제2종일반주거지역,경북_영천시_2022_01(도시),중앙동,문외동,2023-05-15,2023-05-10,62,3등급
도시,제2종일반주거지역,경북_영천시_2022_01(도시),중앙동,문외동,2023-05-10,2023-05-10,46,2등급
도시,제2종일반주거지역,경북_영천시_2022_01(도시),중앙동,문외동,2023-05-10,2023-05-10,65,3등급
도시,제2종일반주거지역,경북_영천시_2022_01(도시),중앙동,문외동,2023-05-15,2023-05-10,39,2등급
도시,제2종일반주거지역,경북_영천시_2022_01(도시),중앙동,문외동,2023-05-10,2023-05-10,51,2등급
도시,제2종일반주거지역,경북_영천시_2022_01(도시),중앙동,문외동,2023-05-12,2023-05-12,45,2등급
도시,제2종일반주거지역,경북_영천시_2022_01(도시),중앙동,창구동,2023-05-10,2023-05-10,53,2등급
도시,제2종일반주거지역,경북_영천시_2022_01(도시),중앙동,창구동,2023-05-10,2023-05-10,61,3등급
도시,제2종일반주거지역,경북_영천시_2022_01(도시),중앙동,창구동,2023-05-10,2023-05-10,100,4등급
도시,제2종일반주거지역,경북_영천시_2022_01(도시),서부동,교촌동,2023-05-11,2023-05-11,77,3등급
도시,제2종일반주거지역,경북_영천시_2022_01(도시),서부동,교촌동,2023-05-11,2023-05-11,88,4등급
도시,제2종일반주거지역,경북_영천시_2022_01(도시),서부동,교촌동,2023-05-11,2023-05-11,49,2등급
도시,제2종일반주거지역,경북_영천시_2022_01(도시),서부동,교촌동,2023-05-11,2023-05-11,64,3등급
도시,제2종일반주거지역,경북_영천시_2022_01(도시),서부동,교촌동,2023-05-11,2023-05-11,41,2등급
도시,제2종일반주거지역,경북_영천시_2022_01(도시),서부동,교촌동,2023-05-11,2023-05-11,47,2등급
도시,제2종일반주거지역,경북_영천시_2022_01(도시),서부동,교촌동,2023-05-11,2023-05-11,100,4등급
도시,제2종일반주거지역,경북_영천시_2022_01(도시),서부동,교촌동,2023-05-11,2023-05-11,96,4등급
도시,제2종일반주거지역,경북_영천시_2022_01(도시),서부동,교촌동,2023-05-11,2023-05-11,60,3등급
도시,제2종일반주거지역,경북_영천시_2022_01(도시),서부동,교촌동,2023-05-11,2023-05-11,60,3등급
도시,제2종일반주거지역,경북_영천시_2022_01(도시),서부동,교촌동,2023-05-10,2023-05-10,54,2등급
도시,제2종일반주거지역,경북_영천시_2022_01(도시),서부동,교촌동,2023-05-10,2023-05-10,61,3등급
도시,제2종일반주거지역,경북_영천시_2022_01(도시),서부동,교촌동,2023-05-10,2023-05-10,36,2등급
도시,제2종일반주거지역,경북_영천시_2022_01(도시),서부동,교촌동,2023-04-11,2023-04-11,76,3등급
도시,제2종일반주거지역,경북_영천시_2022_01(도시),서부동,교촌동,2023-05-10,2023-05-10,37,2등급
도시,제2종일반주거지역,경북_영천시_2022_01(도시),서부동,교촌동,2023-04-11,2023-04-11,68,3등급
도시,제2종일반주거지역,경북_영천시_2022_01(도시),서부동,교촌동,2023-04-11,2023-04-11,61,3등급
도시,제2종일반주거지역,경북_영천시_2022_01(도시),서부동,교촌동,2023-04-11,2023-04-11,68,3등급
도시,제2종일반주거지역,경북_영천시_2022_01(도시),서부동,교촌동,2023-04-11,2023-04-11,55,2등급
도시,제2종일반주거지역,경북_영천시_2022_01(도시),서부동,교촌동,2023-04-11,2023-04-11,48,2등급
도시,제2종일반주거지역,경북_영천시_2022_01(도시),서부동,교촌동,2023-04-11,2023-04-11,53,2등급
도시,제2종일반주거지역,경북_영천시_2022_01(도시),서부동,교촌동,2023-04-11,2023-04-11,40,2등급
도시,제2종일반주거지역,경북_영천시_2022_01(도시),서부동,교촌동,2023-04-11,2023-04-11,82,4등급
도시,제2종일반주거지역,경북_영천시_2022_01(도시),서부동,교촌동,2023-04-11,2023-04-11,61,3등급
도시,제2종일반주거지역,경북_영천시_2022_01(도시),서부동,교촌동,2023-04-11,2023-04-11,57,2등급
도시,제2종일반주거지역,경북_영천시_2022_01(도시),서부동,교촌동,2023-04-11,2023-04-11,38,2등급
도시,제2종일반주거지역,경북_영천시_2022_01(도시),서부동,교촌동,2023-04-11,2023-04-11,54,2등급
도시,제2종일반주거지역,경북_영천시_2022_01(도시),서부동,교촌동,2023-05-11,2023-05-11,63,3등급
도시,일반상업지역,경북_영천시_2022_01(도시),중앙동,과전동,2023-05-10,2023-05-10,68,3등급
농어촌,자연녹지지역,경북_영천시_2022_01(비도시),중앙동,과전동,2023-04-20,,65,특정빈집
도시,일반상업지역,경북_영천시_2022_01(도시),중앙동,과전동,2023-05-10,2023-05-10,80,4등급
도시,일반상업지역,경북_영천시_2022_01(도시),중앙동,과전동,2023-05-10,2023-05-10,47,2등급
도시,일반상업지역,경북_영천시_2022_01(도시),중앙동,과전동,2023-05-10,2023-05-10,40,2등급
도시,일반상업지역,경북_영천시_2022_01(도시),서부동,성내동,2023-04-24,2023-04-24,41,2등급
도시,일반상업지역,경북_영천시_2022_01(도시),서부동,성내동,2023-04-24,2023-04-24,82,4등급
도시,제2종일반주거지역,경북_영천시_2022_01(도시),서부동,성내동,2023-04-25,,59,2등급
도시,일반상업지역,경북_영천시_2022_01(도시),서부동,성내동,2023-05-10,2023-05-10,48,2등급
도시,제2종일반주거지역,경북_영천시_2022_01(도시),서부동,성내동,2023-05-10,2023-05-10,39,2등급
도시,제2종일반주거지역,경북_영천시_2022_01(도시),서부동,성내동,2023-04-26,2023-04-26,77,3등급
도시,제2종일반주거지역,경북_영천시_2022_01(도시),서부동,성내동,2023-05-10,2023-05-10,40,2등급
도시,제2종일반주거지역,경북_영천시_2022_01(도시),서부동,성내동,2023-04-11,2023-04-11,42,2등급
도시,제2종일반주거지역,경북_영천시_2022_01(도시),서부동,성내동,2023-04-11,2023-04-11,81,4등급
도시,제2종일반주거지역,경북_영천시_2022_01(도시),서부동,성내동,2023-04-11,2023-04-11,63,3등급
도시,제2종일반주거지역,경북_영천시_2022_01(도시),서부동,성내동,2023-04-11,2023-04-11,56,2등급
도시,제2종일반주거지역,경북_영천시_2022_01(도시),서부동,성내동,2023-04-11,2023-04-11,42,2등급
도시,제2종일반주거지역,경북_영천시_2022_01(도시),서부동,성내동,2023-07-11,2023-07-12,21,1등급
도시,제2종일반주거지역,경북_영천시_2022_01(도시),서부동,화룡동,2023-05-11,2023-05-11,43,2등급
도시,제1종일반주거지역,경북_영천시_2022_01(도시),서부동,화룡동,2023-05-11,2023-05-11,70,3등급
도시,제1종일반주거지역,경북_영천시_2022_01(도시),서부동,화룡동,2023-05-11,2023-05-11,35,2등급
도시,일반상업지역,경북_영천시_2022_01(도시),남부동,도동,2023-05-03,2023-05-03,81,4등급
도시,일반상업지역,경북_영천시_2022_01(도시),남부동,도동,2023-05-03,2023-05-03,72,3등급
도시,일반상업지역,경북_영천시_2022_01(도시),남부동,도동,2023-05-03,2023-05-03,60,3등급
도시,일반상업지역,경북_영천시_2022_01(도시),남부동,도동,2023-05-03,2023-05-03,88,4등급
도시,제2종일반주거지역,경북_영천시_2022_01(도시),남부동,도동,2023-05-03,2023-05-03,89,4등급
도시,제2종일반주거지역,경북_영천시_2022_01(도시),남부동,도동,2023-05-04,2023-05-04,47,2등급
도시,제2종일반주거지역,경북_영천시_2022_01(도시),남부동,도동,2023-05-03,2023-05-03,42,2등급
농어촌,계획관리지역,경북_영천시_2022_01(비도시),남부동,금노동,2023-04-20,,35,일반빈집
도시,제2종일반주거지역,경북_영천시_2022_01(도시),남부동,금노동,2023-05-04,2023-05-04,41,2등급
도시,제2종일반주거지역,경북_영천시_2022_01(도시),남부동,금노동,2023-05-04,2023-05-04,48,2등급
도시,제2종일반주거지역,경북_영천시_2022_01(도시),남부동,금노동,2023-05-04,2023-07-04,45,2등급
도시,제2종일반주거지역,경북_영천시_2022_01(도시),남부동,금노동,2023-05-04,2023-05-04,62,3등급
도시,제2종일반주거지역,경북_영천시_2022_01(도시),남부동,금노동,2023-05-04,2023-05-04,61,3등급
도시,제2종일반주거지역,경북_영천시_2022_01(도시),남부동,금노동,2023-05-04,2023-05-04,86,4등급
도시,제2종일반주거지역,경북_영천시_2022_01(도시),남부동,금노동,2023-05-04,2023-05-04,29,1등급
도시,제2종일반주거지역,경북_영천시_2022_01(도시),남부동,금노동,2023-05-04,2023-05-04,38,2등급
도시,제2종일반주거지역,경북_영천시_2022_01(도시),남부동,금노동,2023-05-04,2023-05-04,48,2등급
도시,제2종일반주거지역,경북_영천시_2022_01(도시),남부동,금노동,2023-05-04,2023-05-04,100,4등급
도시,제2종일반주거지역,경북_영천시_2022_01(도시),남부동,금노동,2023-05-04,2023-05-04,27,1등급
도시,제2종일반주거지역,경북_영천시_2022_01(도시),남부동,금노동,2023-05-04,2023-05-04,81,4등급
도시,제1종일반주거지역,경북_영천시_2022_01(도시),완산동,완산동,2023-05-04,2023-05-04,75,3등급
농어촌,자연녹지지역,경북_영천시_2022_01(비도시),완산동,완산동,2023-04-12,,55,일반빈집
도시,제1종일반주거지역,경북_영천시_2022_01(도시),완산동,완산동,2023-05-04,2023-05-04,93,4등급
도시,제1종일반주거지역,경북_영천시_2022_01(도시),완산동,완산동,2023-05-04,2023-05-04,61,3등급
농어촌,생산녹지지역,경북_영천시_2022_01(비도시),완산동,완산동,2023-04-20,,47,일반빈집
도시,일반상업지역,경북_영천시_2022_01(도시),완산동,완산동,2023-05-12,2023-05-12,40,2등급
도시,일반상업지역,경북_영천시_2022_01(도시),완산동,완산동,2023-05-11,2023-05-11,43,2등급
도시,일반상업지역,경북_영천시_2022_01(도시),완산동,완산동,2023-05-12,2023-05-12,48,2등급
도시,제2종일반주거지역,경북_영천시_2022_01(도시),완산동,완산동,2023-05-12,2023-05-12,37,2등급
도시,제2종일반주거지역,경북_영천시_2022_01(도시),완산동,완산동,2023-05-12,2023-05-12,44,2등급
도시,일반상업지역,경북_영천시_2022_01(도시),완산동,완산동,2023-05-12,2023-05-12,67,3등급
도시,일반상업지역,경북_영천시_2022_01(도시),완산동,완산동,2023-05-12,2023-05-12,46,2등급
도시,일반상업지역,경북_영천시_2022_01(도시),완산동,완산동,2023-05-12,2023-05-12,85,4등급
도시,제2종일반주거지역,경북_영천시_2022_01(도시),완산동,완산동,2023-05-12,2023-05-12,39,2등급
도시,제2종일반주거지역,경북_영천시_2022_01(도시),완산동,완산동,2023-04-11,2023-04-11,92,4등급
도시,일반상업지역,경북_영천시_2022_01(도시),완산동,완산동,2023-04-11,2023-04-11,92,4등급
도시,제2종일반주거지역,경북_영천시_2022_01(도시),완산동,완산동,2023-05-12,2023-05-12,93,4등급
도시,제2종일반주거지역,경북_영천시_2022_01(도시),완산동,완산동,2023-05-04,2023-05-04,59,2등급
도시,제2종일반주거지역,경북_영천시_2022_01(도시),완산동,완산동,2023-05-04,2023-05-04,45,2등급
도시,제2종일반주거지역,경북_영천시_2022_01(도시),완산동,완산동,2023-04-11,2023-04-11,37,2등급
농어촌,계획관리지역,경북_영천시_2022_01(비도시),남부동,범어동,2023-04-14,,53,일반빈집
농어촌,계획관리지역,경북_영천시_2022_01(비도시),남부동,범어동,2023-04-14,,49,일반빈집
농어촌,농림지역,경북_영천시_2022_01(비도시),남부동,작산동,2023-04-14,,52,일반빈집
농어촌,계획관리지역,경북_영천시_2022_01(비도시),남부동,작산동,2023-04-14,,48,일반빈집
농어촌,계획관리지역,경북_영천시_2022_01(비도시),남부동,작산동,2023-04-14,,44,일반빈집
도시,제2종일반주거지역,경북_영천시_2022_01(도시),남부동,봉동,2023-05-03,2023-05-03,49,2등급
도시,제2종일반주거지역,경북_영천시_2022_01(도시),남부동,봉동,2023-05-03,2023-05-03,40,2등급
도시,제2종일반주거지역,경북_영천시_2022_01(도시),남부동,봉동,2023-05-03,2023-05-03,82,4등급
도시,제1종일반주거지역,경북_영천시_2022_01(도시),남부동,본촌동,2023-05-02,2023-05-02,32,2등급
도시,제1종일반주거지역,경북_영천시_2022_01(도시),남부동,본촌동,2023-05-02,2023-05-02,48,2등급
농어촌,자연녹지지역,경북_영천시_2022_01(비도시),남부동,채신동,2023-04-27,,51,일반빈집
농어촌,자연녹지지역,경북_영천시_2022_01(비도시),남부동,채신동,2023-04-21,,68,특정빈집
농어촌,계획관리지역,경북_영천시_2022_01(비도시),남부동,채신동,2023-04-21,,66,특정빈집
농어촌,계획관리지역,경북_영천시_2022_01(비도시),남부동,괴연동,2023-04-21,,36,일반빈집
농어촌,계획관리지역,경북_영천시_2022_01(비도시),남부동,괴연동,2023-04-21,,47,일반빈집
농어촌,계획관리지역,경북_영천시_2022_01(비도시),남부동,괴연동,2023-04-21,,53,일반빈집
농어촌,계획관리지역,경북_영천시_2022_01(비도시),남부동,괴연동,2023-04-21,,50,일반빈집
농어촌,농림지역,경북_영천시_2022_01(비도시),남부동,괴연동,2023-04-21,,49,일반빈집
농어촌,계획관리지역,경북_영천시_2022_01(비도시),서부동,대전동,2023-04-12,,40,일반빈집
농어촌,계획관리지역,경북_영천시_2022_01(비도시),서부동,대전동,2023-04-12,,53,일반빈집
농어촌,계획관리지역,경북_영천시_2022_01(비도시),중앙동,녹전동,2023-04-12,,55,일반빈집
농어촌,계획관리지역,경북_영천시_2022_01(비도시),중앙동,녹전동,2023-04-12,,64,특정빈집
농어촌,계획관리지역,경북_영천시_2022_01(비도시),중앙동,녹전동,2023-04-19,,60,특정빈집
농어촌,계획관리지역,경북_영천시_2022_01(비도시),중앙동,녹전동,2023-04-12,,51,일반빈집
농어촌,계획관리지역,경북_영천시_2022_01(비도시),중앙동,도림동,2023-05-03,,67,일반빈집
농어촌,계획관리지역,경북_영천시_2022_01(비도시),중앙동,도림동,2023-05-02,,54,일반빈집
농어촌,계획관리지역,경북_영천시_2022_01(비도시),중앙동,도림동,2023-05-02,,58,일반빈집
농어촌,계획관리지역,경북_영천시_2022_01(비도시),중앙동,도림동,2023-05-02,,45,일반빈집
농어촌,계획관리지역,경북_영천시_2022_01(비도시),중앙동,도림동,2023-05-02,,52,일반빈집
농어촌,계획관리지역,경북_영천시_2022_01(비도시),중앙동,도림동,2023-04-26,,53,일반빈집
농어촌,계획관리지역,경북_영천시_2022_01(비도시),중앙동,도림동,2023-05-02,,54,일반빈집
농어촌,계획관리지역,경북_영천시_2022_01(비도시),중앙동,도림동,2023-05-02,,41,일반빈집
농어촌,농림지역,경북_영천시_2022_01(비도시),중앙동,오미동,2023-04-20,,66,특정빈집
농어촌,계획관리지역,경북_영천시_2022_01(비도시),중앙동,오미동,2023-04-20,,49,일반빈집
농어촌,계획관리지역,경북_영천시_2022_01(비도시),중앙동,오미동,2023-04-20,,54,일반빈집
도시,제2종일반주거지역,경북_영천시_2022_01(도시),서부동,오수동,2023-04-11,2023-04-11,80,4등급
도시,제2종일반주거지역,경북_영천시_2022_01(도시),서부동,오수동,2023-04-11,2023-04-11,71,3등급
도시,제2종일반주거지역,경북_영천시_2022_01(도시),서부동,오수동,2023-04-11,2023-04-11,48,2등급
도시,제1종일반주거지역,경북_영천시_2022_01(도시),서부동,쌍계동,2023-05-11,2023-05-11,38,2등급
도시,제1종일반주거지역,경북_영천시_2022_01(도시),서부동,쌍계동,2023-05-11,2023-05-11,58,2등급
도시,제2종일반주거지역,경북_영천시_2022_01(도시),남부동,도남동,2023-05-03,2023-05-03,85,4등급
농어촌,계획관리지역,경북_영천시_2022_01(비도시),중앙동,매산동,2023-04-19,,74,특정빈집
농어촌,계획관리지역,경북_영천시_2022_01(비도시),중앙동,매산동,2023-04-19,,51,일반빈집
농어촌,계획관리지역,경북_영천시_2022_01(비도시),중앙동,매산동,2023-04-19,,65,일반빈집
농어촌,계획관리지역,경북_영천시_2022_01(비도시),중앙동,매산동,2023-04-19,,52,일반빈집
농어촌,계획관리지역,경북_영천시_2022_01(비도시),중앙동,매산동,2023-04-19,,78,특정빈집
농어촌,계획관리지역,경북_영천시_2022_01(비도시),중앙동,매산동,2023-04-19,,52,일반빈집
농어촌,계획관리지역,경북_영천시_2022_01(비도시),중앙동,매산동,2023-04-19,,47,일반빈집
농어촌,계획관리지역,경북_영천시_2022_01(비도시),중앙동,매산동,2023-04-19,,48,일반빈집
농어촌,계획관리지역,경북_영천시_2022_01(비도시),중앙동,매산동,2023-04-19,,46,일반빈집
도시,제2종일반주거지역,경북_영천시_2022_01(도시),동부동,언하동,2023-05-15,2023-05-10,64,3등급
도시,제2종일반주거지역,경북_영천시_2022_01(도시),동부동,언하동,2023-05-11,2023-05-11,62,3등급
도시,제2종일반주거지역,경북_영천시_2022_01(도시),동부동,언하동,2023-05-15,2023-05-11,51,2등급
도시,제2종일반주거지역,경북_영천시_2022_01(도시),동부동,언하동,2023-05-15,2023-05-11,64,3등급
농어촌,보전관리지역,경북_영천시_2022_01(비도시),동부동,언하동,2023-03-15,,64,일반빈집
농어촌,계획관리지역,경북_영천시_2022_01(비도시),서부동,서산동,2023-04-20,,63,특정빈집
농어촌,제2종일반주거지역,경북_영천시_2022_01(비도시),금호읍,금호읍,2023-03-10,,55,일반빈집
농어촌,제2종일반주거지역,경북_영천시_2022_01(비도시),금호읍,금호읍,2023-03-17,,60,특정빈집
농어촌,일반상업지역,경북_영천시_2022_01(비도시),금호읍,금호읍,2023-03-09,,50,일반빈집
농어촌,제2종일반주거지역,경북_영천시_2022_01(비도시),금호읍,금호읍,2023-03-09,,52,일반빈집
농어촌,제2종일반주거지역,경북_영천시_2022_01(비도시),금호읍,금호읍,2023-03-09,,52,일반빈집
농어촌,제2종일반주거지역,경북_영천시_2022_01(비도시),금호읍,금호읍,2023-03-10,,54,일반빈집
농어촌,제2종일반주거지역,경북_영천시_2022_01(비도시),금호읍,금호읍,2023-03-10,,53,일반빈집
농어촌,제2종일반주거지역,경북_영천시_2022_01(비도시),금호읍,금호읍,2023-03-10,,71,특정빈집
농어촌,제1종일반주거지역,경북_영천시_2022_01(비도시),금호읍,금호읍,2023-03-09,,46,일반빈집
농어촌,제1종일반주거지역,경북_영천시_2022_01(비도시),금호읍,금호읍,2023-03-09,,42,일반빈집
농어촌,제1종일반주거지역,경북_영천시_2022_01(비도시),금호읍,금호읍,2023-03-09,,60,일반빈집
농어촌,제1종일반주거지역,경북_영천시_2022_01(비도시),금호읍,금호읍,2023-07-12,,62,일반빈집
농어촌,제1종일반주거지역,경북_영천시_2022_01(비도시),금호읍,금호읍,2023-03-09,,53,일반빈집
농어촌,계획관리지역,경북_영천시_2022_01(비도시),금호읍,금호읍,2023-03-28,,52,일반빈집
농어촌,계획관리지역,경북_영천시_2022_01(비도시),금호읍,금호읍,2023-03-28,,60,일반빈집
농어촌,계획관리지역,경북_영천시_2022_01(비도시),금호읍,금호읍,2023-03-28,,58,일반빈집
농어촌,제2종일반주거지역,경북_영천시_2022_01(비도시),금호읍,금호읍,2023-03-28,,49,일반빈집
농어촌,제2종일반주거지역,경북_영천시_2022_01(비도시),금호읍,금호읍,2023-03-28,,49,일반빈집
농어촌,제2종일반주거지역,경북_영천시_2022_01(비도시),금호읍,금호읍,2023-03-28,,53,일반빈집
농어촌,제2종일반주거지역,경북_영천시_2022_01(비도시),금호읍,금호읍,2023-03-10,,53,일반빈집
농어촌,제2종일반주거지역,경북_영천시_2022_01(비도시),금호읍,금호읍,2023-03-10,,53,일반빈집
농어촌,제2종일반주거지역,경북_영천시_2022_01(비도시),금호읍,금호읍,2023-03-17,,50,일반빈집
농어촌,자연녹지지역,경북_영천시_2022_01(비도시),금호읍,금호읍,2023-03-22,,53,일반빈집
농어촌,일반상업지역,경북_영천시_2022_01(비도시),금호읍,금호읍,2023-03-17,,57,일반빈집
농어촌,일반상업지역,경북_영천시_2022_01(비도시),금호읍,금호읍,2023-03-10,,50,일반빈집
농어촌,일반상업지역,경북_영천시_2022_01(비도시),금호읍,금호읍,2023-07-12,,60,일반빈집
농어촌,준공업지역,경북_영천시_2022_01(비도시),금호읍,금호읍,2023-03-29,,30,일반빈집
농어촌,제1종일반주거지역,경북_영천시_2022_01(비도시),금호읍,금호읍,2023-03-29,,55,일반빈집
농어촌,제1종일반주거지역,경북_영천시_2022_01(비도시),금호읍,금호읍,2023-03-29,,70,특정빈집
농어촌,제1종일반주거지역,경북_영천시_2022_01(비도시),금호읍,금호읍,2023-03-29,,51,일반빈집
농어촌,자연녹지지역,경북_영천시_2022_01(비도시),금호읍,금호읍,2023-03-29,,70,특정빈집
농어촌,제1종일반주거지역,경북_영천시_2022_01(비도시),금호읍,금호읍,2023-03-29,,52,일반빈집
농어촌,제1종일반주거지역,경북_영천시_2022_01(비도시),금호읍,금호읍,2023-03-29,,55,일반빈집
농어촌,제1종일반주거지역,경북_영천시_2022_01(비도시),금호읍,금호읍,2023-03-29,,52,일반빈집
농어촌,제1종일반주거지역,경북_영천시_2022_01(비도시),금호읍,금호읍,2023-03-29,,60,특정빈집
농어촌,제1종일반주거지역,경북_영천시_2022_01(비도시),금호읍,금호읍,2023-03-31,,39,일반빈집
농어촌,제1종일반주거지역,경북_영천시_2022_01(비도시),금호읍,금호읍,2023-03-31,,42,일반빈집
농어촌,제1종일반주거지역,경북_영천시_2022_01(비도시),금호읍,금호읍,2023-03-29,,56,일반빈집
농어촌,제1종일반주거지역,경북_영천시_2022_01(비도시),금호읍,금호읍,2023-03-29,,53,일반빈집
농어촌,제1종일반주거지역,경북_영천시_2022_01(비도시),금호읍,금호읍,2023-07-11,,43,일반빈집
농어촌,제1종일반주거지역,경북_영천시_2022_01(비도시),금호읍,금호읍,2023-03-29,,44,일반빈집
농어촌,제1종일반주거지역,경북_영천시_2022_01(비도시),금호읍,금호읍,2023-03-31,,72,특정빈집
농어촌,계획관리지역,경북_영천시_2022_01(비도시),금호읍,금호읍,2023-04-13,,55,일반빈집
농어촌,계획관리지역,경북_영천시_2022_01(비도시),금호읍,금호읍,2023-04-13,,62,일반빈집
농어촌,계획관리지역,경북_영천시_2022_01(비도시),금호읍,금호읍,2023-04-13,,63,일반빈집
농어촌,계획관리지역,경북_영천시_2022_01(비도시),금호읍,금호읍,2023-04-13,,43,일반빈집
농어촌,계획관리지역,경북_영천시_2022_01(비도시),금호읍,금호읍,2023-04-13,,58,일반빈집
농어촌,계획관리지역,경북_영천시_2022_01(비도시),금호읍,금호읍,2023-04-13,,56,일반빈집
농어촌,계획관리지역,경북_영천시_2022_01(비도시),금호읍,금호읍,2023-04-13,,47,일반빈집
농어촌,계획관리지역,경북_영천시_2022_01(비도시),금호읍,금호읍,2023-04-13,,64,일반빈집
농어촌,농림지역,경북_영천시_2022_01(비도시),금호읍,금호읍,2023-04-13,,39,일반빈집
농어촌,계획관리지역,경북_영천시_2022_01(비도시),금호읍,금호읍,2023-04-13,,66,특정빈집
농어촌,농림지역,경북_영천시_2022_01(비도시),금호읍,금호읍,2023-04-13,,50,일반빈집
농어촌,계획관리지역,경북_영천시_2022_01(비도시),금호읍,금호읍,2023-04-13,,46,일반빈집
농어촌,계획관리지역,경북_영천시_2022_01(비도시),금호읍,금호읍,2023-04-13,,55,일반빈집
농어촌,계획관리지역,경북_영천시_2022_01(비도시),금호읍,금호읍,2023-04-13,,45,일반빈집
농어촌,계획관리지역,경북_영천시_2022_01(비도시),금호읍,금호읍,2023-03-22,,68,일반빈집
농어촌,계획관리지역,경북_영천시_2022_01(비도시),금호읍,금호읍,2023-03-22,,44,일반빈집
농어촌,계획관리지역,경북_영천시_2022_01(비도시),금호읍,금호읍,2023-03-22,,49,일반빈집
농어촌,계획관리지역,경북_영천시_2022_01(비도시),금호읍,금호읍,2023-03-22,,56,일반빈집
농어촌,계획관리지역,경북_영천시_2022_01(비도시),금호읍,금호읍,2023-03-22,,46,일반빈집
농어촌,일반공업지역,경북_영천시_2022_01(비도시),금호읍,금호읍,2023-03-22,,65,특정빈집
농어촌,일반공업지역,경북_영천시_2022_01(비도시),금호읍,금호읍,2023-03-22,,72,특정빈집
농어촌,일반공업지역,경북_영천시_2022_01(비도시),금호읍,금호읍,2023-03-22,,49,일반빈집
농어촌,계획관리지역,경북_영천시_2022_01(비도시),금호읍,금호읍,2023-03-30,,56,일반빈집
농어촌,계획관리지역,경북_영천시_2022_01(비도시),금호읍,금호읍,2023-03-30,,55,일반빈집
농어촌,계획관리지역,경북_영천시_2022_01(비도시),금호읍,금호읍,2023-03-30,,70,특정빈집
농어촌,계획관리지역,경북_영천시_2022_01(비도시),금호읍,금호읍,2023-03-17,,59,일반빈집
농어촌,계획관리지역,경북_영천시_2022_01(비도시),금호읍,금호읍,2023-03-17,,45,일반빈집
농어촌,계획관리지역,경북_영천시_2022_01(비도시),금호읍,금호읍,2023-03-30,,48,일반빈집
농어촌,계획관리지역,경북_영천시_2022_01(비도시),금호읍,금호읍,2023-03-30,,60,일반빈집
농어촌,자연녹지지역,경북_영천시_2022_01(비도시),금호읍,금호읍,2023-03-22,,56,일반빈집
농어촌,일반공업지역,경북_영천시_2022_01(비도시),금호읍,금호읍,2023-03-22,,53,일반빈집
농어촌,제1종일반주거지역,경북_영천시_2022_01(비도시),금호읍,금호읍,2023-03-30,,53,일반빈집
농어촌,계획관리지역,경북_영천시_2022_01(비도시),금호읍,금호읍,2023-03-30,,53,일반빈집
농어촌,계획관리지역,경북_영천시_2022_01(비도시),금호읍,금호읍,2023-03-30,,44,일반빈집
농어촌,제1종일반주거지역,경북_영천시_2022_01(비도시),금호읍,금호읍,2023-03-31,,40,일반빈집
농어촌,제1종일반주거지역,경북_영천시_2022_01(비도시),금호읍,금호읍,2023-03-31,,39,일반빈집
농어촌,제1종일반주거지역,경북_영천시_2022_01(비도시),금호읍,금호읍,2023-03-31,,46,일반빈집
농어촌,제1종일반주거지역,경북_영천시_2022_01(비도시),금호읍,금호읍,2023-03-31,,52,일반빈집
농어촌,제1종일반주거지역,경북_영천시_2022_01(비도시),금호읍,금호읍,2023-03-31,,45,일반빈집
농어촌,제1종일반주거지역,경북_영천시_2022_01(비도시),금호읍,금호읍,2023-03-31,,44,일반빈집
농어촌,계획관리지역,경북_영천시_2022_01(비도시),청통면,청통면,2023-05-02,,51,일반빈집
농어촌,계획관리지역,경북_영천시_2022_01(비도시),청통면,청통면,2023-05-02,,47,일반빈집
농어촌,계획관리지역,경북_영천시_2022_01(비도시),청통면,청통면,2023-05-02,,54,일반빈집
농어촌,계획관리지역,경북_영천시_2022_01(비도시),청통면,청통면,2023-05-02,,51,일반빈집
농어촌,계획관리지역,경북_영천시_2022_01(비도시),청통면,청통면,2023-05-02,,64,일반빈집
농어촌,계획관리지역,경북_영천시_2022_01(비도시),청통면,청통면,2023-05-02,,60,일반빈집
농어촌,농림지역,경북_영천시_2022_01(비도시),청통면,청통면,2023-05-02,,63,일반빈집
농어촌,계획관리지역,경북_영천시_2022_01(비도시),청통면,청통면,2023-03-31,,65,일반빈집
농어촌,계획관리지역,경북_영천시_2022_01(비도시),청통면,청통면,2023-03-31,,61,일반빈집
농어촌,계획관리지역,경북_영천시_2022_01(비도시),청통면,청통면,2023-03-31,,50,일반빈집
농어촌,계획관리지역,경북_영천시_2022_01(비도시),청통면,청통면,2023-04-14,,66,일반빈집
농어촌,자연녹지지역,경북_영천시_2022_01(비도시),청통면,청통면,2023-03-28,,46,일반빈집
농어촌,계획관리지역,경북_영천시_2022_01(비도시),청통면,청통면,2023-04-19,,62,일반빈집
농어촌,계획관리지역,경북_영천시_2022_01(비도시),청통면,청통면,2023-04-19,,49,일반빈집
농어촌,계획관리지역,경북_영천시_2022_01(비도시),청통면,청통면,2023-04-24,,46,일반빈집
농어촌,계획관리지역,경북_영천시_2022_01(비도시),청통면,청통면,2023-04-25,,52,일반빈집
농어촌,계획관리지역,경북_영천시_2022_01(비도시),청통면,청통면,2023-04-25,,49,일반빈집
농어촌,계획관리지역,경북_영천시_2022_01(비도시),청통면,청통면,2023-04-26,,39,일반빈집
농어촌,계획관리지역,경북_영천시_2022_01(비도시),청통면,청통면,2023-04-25,,37,일반빈집
농어촌,계획관리지역,경북_영천시_2022_01(비도시),청통면,청통면,2023-04-24,,43,일반빈집
농어촌,계획관리지역,경북_영천시_2022_01(비도시),청통면,청통면,2023-04-24,,58,일반빈집
농어촌,계획관리지역,경북_영천시_2022_01(비도시),청통면,청통면,2023-04-25,,67,특정빈집
농어촌,계획관리지역,경북_영천시_2022_01(비도시),청통면,청통면,2023-07-11,,20,일반빈집
농어촌,계획관리지역,경북_영천시_2022_01(비도시),청통면,청통면,2023-04-24,,50,일반빈집
농어촌,계획관리지역,경북_영천시_2022_01(비도시),청통면,청통면,2023-04-24,,52,일반빈집
농어촌,계획관리지역,경북_영천시_2022_01(비도시),청통면,청통면,2023-04-24,,27,일반빈집
농어촌,계획관리지역,경북_영천시_2022_01(비도시),청통면,청통면,2023-05-15,,49,일반빈집
농어촌,계획관리지역,경북_영천시_2022_01(비도시),청통면,청통면,2023-04-28,,37,일반빈집
농어촌,계획관리지역,경북_영천시_2022_01(비도시),청통면,청통면,2023-07-11,,60,특정빈집
농어촌,계획관리지역,경북_영천시_2022_01(비도시),청통면,청통면,2023-04-19,,44,일반빈집
농어촌,계획관리지역,경북_영천시_2022_01(비도시),청통면,청통면,2023-04-19,,62,특정빈집
농어촌,계획관리지역,경북_영천시_2022_01(비도시),청통면,청통면,2023-04-19,,57,일반빈집
농어촌,계획관리지역,경북_영천시_2022_01(비도시),청통면,청통면,2023-04-26,,65,특정빈집
농어촌,계획관리지역,경북_영천시_2022_01(비도시),청통면,청통면,2023-04-26,,65,일반빈집
농어촌,계획관리지역,경북_영천시_2022_01(비도시),청통면,청통면,2023-04-28,,53,일반빈집
농어촌,계획관리지역,경북_영천시_2022_01(비도시),청통면,청통면,2023-04-26,,48,일반빈집
농어촌,농림지역,경북_영천시_2022_01(비도시),청통면,청통면,2023-03-13,,52,일반빈집
농어촌,보전관리지역,경북_영천시_2022_01(비도시),청통면,청통면,2023-03-13,,53,일반빈집
농어촌,계획관리지역,경북_영천시_2022_01(비도시),청통면,청통면,2023-03-13,,54,일반빈집
농어촌,계획관리지역,경북_영천시_2022_01(비도시),청통면,청통면,2023-05-04,,50,일반빈집
농어촌,농림지역,경북_영천시_2022_01(비도시),청통면,청통면,2023-05-04,,51,일반빈집
농어촌,계획관리지역,경북_영천시_2022_01(비도시),신녕면,신녕면,2023-05-03,,49,일반빈집
농어촌,계획관리지역,경북_영천시_2022_01(비도시),신녕면,신녕면,2023-05-03,,55,일반빈집
농어촌,계획관리지역,경북_영천시_2022_01(비도시),신녕면,신녕면,2023-05-03,,51,일반빈집
농어촌,계획관리지역,경북_영천시_2022_01(비도시),신녕면,신녕면,2023-05-03,,50,일반빈집
농어촌,계획관리지역,경북_영천시_2022_01(비도시),신녕면,신녕면,2023-05-03,,47,일반빈집
농어촌,계획관리지역,경북_영천시_2022_01(비도시),신녕면,신녕면,2023-05-03,,66,특정빈집
농어촌,계획관리지역,경북_영천시_2022_01(비도시),신녕면,신녕면,2023-05-12,,37,일반빈집
농어촌,계획관리지역,경북_영천시_2022_01(비도시),신녕면,신녕면,2023-05-04,,65,특정빈집
농어촌,계획관리지역,경북_영천시_2022_01(비도시),신녕면,신녕면,2023-05-04,,50,일반빈집
농어촌,계획관리지역,경북_영천시_2022_01(비도시),신녕면,신녕면,2023-05-03,,53,일반빈집
농어촌,농림지역,경북_영천시_2022_01(비도시),신녕면,신녕면,2023-05-03,,54,일반빈집
농어촌,보전관리지역,경북_영천시_2022_01(비도시),신녕면,신녕면,2023-05-03,,60,일반빈집
농어촌,보전관리지역,경북_영천시_2022_01(비도시),신녕면,신녕면,2023-07-11,,65,특정빈집
농어촌,계획관리지역,경북_영천시_2022_01(비도시),신녕면,신녕면,2023-05-03,,53,일반빈집
농어촌,계획관리지역,경북_영천시_2022_01(비도시),신녕면,신녕면,2023-05-03,,61,일반빈집
농어촌,계획관리지역,경북_영천시_2022_01(비도시),신녕면,신녕면,2023-05-03,,63,특정빈집
농어촌,계획관리지역,경북_영천시_2022_01(비도시),신녕면,신녕면,2023-07-11,,23,일반빈집
농어촌,계획관리지역,경북_영천시_2022_01(비도시),신녕면,신녕면,2023-05-04,,62,일반빈집
농어촌,보전관리지역,경북_영천시_2022_01(비도시),신녕면,신녕면,2023-05-04,,30,일반빈집
농어촌,계획관리지역,경북_영천시_2022_01(비도시),신녕면,신녕면,2023-05-04,,51,일반빈집
농어촌,제2종일반주거지역,경북_영천시_2022_01(비도시),신녕면,신녕면,2023-04-21,,62,일반빈집
농어촌,제2종일반주거지역,경북_영천시_2022_01(비도시),신녕면,신녕면,2023-04-21,,60,일반빈집
농어촌,제2종일반주거지역,경북_영천시_2022_01(비도시),신녕면,신녕면,2023-07-11,,32,일반빈집
농어촌,제2종일반주거지역,경북_영천시_2022_01(비도시),신녕면,신녕면,2023-05-02,,51,일반빈집
농어촌,제2종일반주거지역,경북_영천시_2022_01(비도시),신녕면,신녕면,2023-04-28,,53,일반빈집
농어촌,제2종일반주거지역,경북_영천시_2022_01(비도시),신녕면,신녕면,2023-04-28,,49,일반빈집
농어촌,제2종일반주거지역,경북_영천시_2022_01(비도시),신녕면,신녕면,2023-04-28,,51,일반빈집
농어촌,제2종일반주거지역,경북_영천시_2022_01(비도시),신녕면,신녕면,2023-04-20,,50,일반빈집
농어촌,제2종일반주거지역,경북_영천시_2022_01(비도시),신녕면,신녕면,2023-04-21,,50,일반빈집
농어촌,제2종일반주거지역,경북_영천시_2022_01(비도시),신녕면,신녕면,2023-04-28,,47,일반빈집
농어촌,제2종일반주거지역,경북_영천시_2022_01(비도시),신녕면,신녕면,2023-04-28,,52,일반빈집
농어촌,제2종일반주거지역,경북_영천시_2022_01(비도시),신녕면,신녕면,2023-04-21,,60,일반빈집
농어촌,제2종일반주거지역,경북_영천시_2022_01(비도시),신녕면,신녕면,2023-04-28,,55,일반빈집
농어촌,제2종일반주거지역,경북_영천시_2022_01(비도시),신녕면,신녕면,2023-05-02,,52,일반빈집
농어촌,제2종일반주거지역,경북_영천시_2022_01(비도시),신녕면,신녕면,2023-04-28,,64,일반빈집
농어촌,제2종일반주거지역,경북_영천시_2022_01(비도시),신녕면,신녕면,2023-04-28,,49,일반빈집
농어촌,제2종일반주거지역,경북_영천시_2022_01(비도시),신녕면,신녕면,2023-04-28,,52,일반빈집
농어촌,제2종일반주거지역,경북_영천시_2022_01(비도시),신녕면,신녕면,2023-04-20,,53,일반빈집
농어촌,제2종일반주거지역,경북_영천시_2022_01(비도시),신녕면,신녕면,2023-04-21,,50,일반빈집
농어촌,제2종일반주거지역,경북_영천시_2022_01(비도시),신녕면,신녕면,2023-04-20,,62,특정빈집
농어촌,제2종일반주거지역,경북_영천시_2022_01(비도시),신녕면,신녕면,2023-04-20,,47,일반빈집
농어촌,제2종일반주거지역,경북_영천시_2022_01(비도시),신녕면,신녕면,2023-04-28,,46,일반빈집
농어촌,제2종일반주거지역,경북_영천시_2022_01(비도시),신녕면,신녕면,2023-04-28,,44,일반빈집
농어촌,제2종일반주거지역,경북_영천시_2022_01(비도시),신녕면,신녕면,2023-05-02,,43,일반빈집
농어촌,일반상업지역,경북_영천시_2022_01(비도시),신녕면,신녕면,2023-04-24,,61,특정빈집
농어촌,일반상업지역,경북_영천시_2022_01(비도시),신녕면,신녕면,2023-04-24,,66,특정빈집
농어촌,자연녹지지역,경북_영천시_2022_01(비도시),신녕면,신녕면,2023-04-24,,49,일반빈집
농어촌,제2종일반주거지역,경북_영천시_2022_01(비도시),신녕면,신녕면,2023-04-21,,44,일반빈집
농어촌,제2종일반주거지역,경북_영천시_2022_01(비도시),신녕면,신녕면,2023-04-21,,69,일반빈집
농어촌,일반상업지역,경북_영천시_2022_01(비도시),신녕면,신녕면,2023-07-11,,26,일반빈집
농어촌,일반상업지역,경북_영천시_2022_01(비도시),신녕면,신녕면,2023-04-21,,44,일반빈집
농어촌,자연녹지지역,경북_영천시_2022_01(비도시),신녕면,신녕면,2023-04-21,,50,일반빈집
농어촌,일반상업지역,경북_영천시_2022_01(비도시),신녕면,신녕면,2023-07-11,,27,일반빈집
농어촌,일반상업지역,경북_영천시_2022_01(비도시),신녕면,신녕면,2023-04-20,,45,일반빈집
농어촌,일반상업지역,경북_영천시_2022_01(비도시),신녕면,신녕면,2023-04-25,,68,특정빈집
농어촌,일반상업지역,경북_영천시_2022_01(비도시),신녕면,신녕면,2023-04-20,,62,특정빈집
농어촌,일반상업지역,경북_영천시_2022_01(비도시),신녕면,신녕면,2023-04-20,,50,일반빈집
농어촌,일반상업지역,경북_영천시_2022_01(비도시),신녕면,신녕면,2023-04-20,,48,일반빈집
농어촌,계획관리지역,경북_영천시_2022_01(비도시),신녕면,신녕면,2023-05-02,,49,일반빈집
농어촌,계획관리지역,경북_영천시_2022_01(비도시),신녕면,신녕면,2023-05-02,,62,일반빈집
농어촌,계획관리지역,경북_영천시_2022_01(비도시),신녕면,신녕면,2023-05-02,,49,일반빈집
농어촌,계획관리지역,경북_영천시_2022_01(비도시),신녕면,신녕면,2023-04-26,,53,일반빈집
농어촌,계획관리지역,경북_영천시_2022_01(비도시),신녕면,신녕면,2023-04-26,,49,일반빈집
농어촌,계획관리지역,경북_영천시_2022_01(비도시),신녕면,신녕면,2023-04-26,,48,일반빈집
농어촌,계획관리지역,경북_영천시_2022_01(비도시),신녕면,신녕면,2023-05-02,,62,일반빈집
농어촌,계획관리지역,경북_영천시_2022_01(비도시),신녕면,신녕면,2023-07-12,,36,일반빈집
농어촌,계획관리지역,경북_영천시_2022_01(비도시),신녕면,신녕면,2023-05-02,,51,일반빈집
농어촌,계획관리지역,경북_영천시_2022_01(비도시),신녕면,신녕면,2023-05-02,,48,일반빈집
농어촌,계획관리지역,경북_영천시_2022_01(비도시),신녕면,신녕면,2023-05-02,,49,일반빈집
농어촌,계획관리지역,경북_영천시_2022_01(비도시),신녕면,신녕면,2023-05-02,,61,일반빈집
농어촌,계획관리지역,경북_영천시_2022_01(비도시),신녕면,신녕면,2023-05-02,,61,일반빈집
농어촌,계획관리지역,경북_영천시_2022_01(비도시),신녕면,신녕면,2023-05-02,,64,특정빈집
농어촌,계획관리지역,경북_영천시_2022_01(비도시),신녕면,신녕면,2023-05-03,,53,일반빈집
농어촌,계획관리지역,경북_영천시_2022_01(비도시),신녕면,신녕면,2023-05-02,,49,일반빈집
농어촌,보전관리지역,경북_영천시_2022_01(비도시),신녕면,신녕면,2023-05-03,,50,일반빈집
농어촌,계획관리지역,경북_영천시_2022_01(비도시),화산면,화산면,2023-04-11,,64,특정빈집
농어촌,계획관리지역,경북_영천시_2022_01(비도시),화산면,화산면,2023-04-04,,53,일반빈집
농어촌,계획관리지역,경북_영천시_2022_01(비도시),화산면,화산면,2023-05-09,,57,일반빈집
농어촌,계획관리지역,경북_영천시_2022_01(비도시),화산면,화산면,2023-04-06,,55,일반빈집
농어촌,계획관리지역,경북_영천시_2022_01(비도시),화산면,화산면,2023-04-06,,51,일반빈집
농어촌,계획관리지역,경북_영천시_2022_01(비도시),화산면,화산면,2023-04-06,,53,일반빈집
농어촌,계획관리지역,경북_영천시_2022_01(비도시),화산면,화산면,2023-04-12,,60,일반빈집
농어촌,계획관리지역,경북_영천시_2022_01(비도시),화산면,화산면,2023-07-12,,46,일반빈집
농어촌,계획관리지역,경북_영천시_2022_01(비도시),화산면,화산면,2023-04-13,,53,일반빈집
농어촌,보전관리지역,경북_영천시_2022_01(비도시),화산면,화산면,2023-05-04,,60,일반빈집
농어촌,계획관리지역,경북_영천시_2022_01(비도시),화산면,화산면,2023-04-07,,57,일반빈집
농어촌,계획관리지역,경북_영천시_2022_01(비도시),화산면,화산면,2023-04-07,,54,일반빈집
농어촌,계획관리지역,경북_영천시_2022_01(비도시),화산면,화산면,2023-04-07,,55,일반빈집
농어촌,계획관리지역,경북_영천시_2022_01(비도시),화산면,화산면,2023-06-30,,66,특정빈집
농어촌,계획관리지역,경북_영천시_2022_01(비도시),화산면,화산면,2023-04-28,,47,일반빈집
농어촌,계획관리지역,경북_영천시_2022_01(비도시),화산면,화산면,2023-04-11,,58,일반빈집
농어촌,계획관리지역,경북_영천시_2022_01(비도시),화산면,화산면,2023-04-11,,51,일반빈집
농어촌,계획관리지역,경북_영천시_2022_01(비도시),화산면,화산면,2023-04-12,,55,일반빈집
농어촌,계획관리지역,경북_영천시_2022_01(비도시),화산면,화산면,2023-04-28,,61,일반빈집
농어촌,계획관리지역,경북_영천시_2022_01(비도시),화산면,화산면,2023-04-11,,63,일반빈집
농어촌,계획관리지역,경북_영천시_2022_01(비도시),화산면,화산면,2023-04-11,,57,일반빈집
농어촌,계획관리지역,경북_영천시_2022_01(비도시),화산면,화산면,2023-04-11,,47,일반빈집
농어촌,계획관리지역,경북_영천시_2022_01(비도시),화산면,화산면,2023-04-13,,38,일반빈집
농어촌,계획관리지역,경북_영천시_2022_01(비도시),화산면,화산면,2023-04-13,,53,일반빈집
농어촌,계획관리지역,경북_영천시_2022_01(비도시),화산면,화산면,2023-04-13,,40,일반빈집
농어촌,계획관리지역,경북_영천시_2022_01(비도시),화산면,화산면,2023-04-04,,57,일반빈집
농어촌,계획관리지역,경북_영천시_2022_01(비도시),화산면,화산면,2023-07-12,,67,일반빈집
농어촌,계획관리지역,경북_영천시_2022_01(비도시),화산면,화산면,2023-06-30,,66,특정빈집
농어촌,계획관리지역,경북_영천시_2022_01(비도시),화산면,화산면,2023-04-13,,61,일반빈집
농어촌,농림지역,경북_영천시_2022_01(비도시),화산면,화산면,2023-04-13,,52,일반빈집
농어촌,계획관리지역,경북_영천시_2022_01(비도시),화산면,화산면,2023-07-12,,67,일반빈집
농어촌,계획관리지역,경북_영천시_2022_01(비도시),화산면,화산면,2023-06-30,,66,특정빈집
농어촌,계획관리지역,경북_영천시_2022_01(비도시),화산면,화산면,2023-04-04,,62,일반빈집
농어촌,계획관리지역,경북_영천시_2022_01(비도시),화산면,화산면,2023-04-28,,52,일반빈집
농어촌,계획관리지역,경북_영천시_2022_01(비도시),화북면,화북면,2023-07-12,,65,일반빈집
농어촌,계획관리지역,경북_영천시_2022_01(비도시),화북면,화북면,2023-03-30,,53,일반빈집
농어촌,계획관리지역,경북_영천시_2022_01(비도시),화북면,화북면,2023-03-30,,67,일반빈집
농어촌,계획관리지역,경북_영천시_2022_01(비도시),화북면,화북면,2023-07-12,,66,일반빈집
농어촌,계획관리지역,경북_영천시_2022_01(비도시),화북면,화북면,2023-03-30,,62,일반빈집
농어촌,계획관리지역,경북_영천시_2022_01(비도시),화북면,화북면,2023-03-30,,52,일반빈집
농어촌,계획관리지역,경북_영천시_2022_01(비도시),화북면,화북면,2023-03-30,,40,일반빈집
농어촌,계획관리지역,경북_영천시_2022_01(비도시),화북면,화북면,2023-03-31,,55,일반빈집
농어촌,계획관리지역,경북_영천시_2022_01(비도시),화북면,화북면,2023-04-14,,43,일반빈집
농어촌,계획관리지역,경북_영천시_2022_01(비도시),화북면,화북면,2023-04-14,,58,일반빈집
농어촌,계획관리지역,경북_영천시_2022_01(비도시),화북면,화북면,2023-04-25,,60,일반빈집
농어촌,계획관리지역,경북_영천시_2022_01(비도시),화북면,화북면,2023-04-25,,53,일반빈집
농어촌,계획관리지역,경북_영천시_2022_01(비도시),화북면,화북면,2023-04-14,,41,일반빈집
농어촌,계획관리지역,경북_영천시_2022_01(비도시),화북면,화북면,2023-03-31,,55,일반빈집
농어촌,계획관리지역,경북_영천시_2022_01(비도시),화북면,화북면,2023-07-03,,61,특정빈집
농어촌,계획관리지역,경북_영천시_2022_01(비도시),화북면,화북면,2023-04-14,,45,일반빈집
농어촌,보전관리지역,경북_영천시_2022_01(비도시),화북면,화북면,2023-04-26,,44,일반빈집
농어촌,계획관리지역,경북_영천시_2022_01(비도시),화북면,화북면,2023-05-04,,53,일반빈집
농어촌,계획관리지역,경북_영천시_2022_01(비도시),화북면,화북면,2023-05-04,,63,일반빈집
농어촌,계획관리지역,경북_영천시_2022_01(비도시),화북면,화북면,2023-04-24,,38,일반빈집
농어촌,계획관리지역,경북_영천시_2022_01(비도시),화북면,화북면,2023-04-24,,53,일반빈집
농어촌,보전관리지역,경북_영천시_2022_01(비도시),화북면,화북면,2023-05-04,,52,일반빈집
농어촌,계획관리지역,경북_영천시_2022_01(비도시),화북면,화북면,2023-04-25,,46,일반빈집
농어촌,보전관리지역,경북_영천시_2022_01(비도시),화북면,화북면,2023-04-26,,53,일반빈집
농어촌,계획관리지역,경북_영천시_2022_01(비도시),화북면,화북면,2023-05-09,,56,일반빈집
농어촌,계획관리지역,경북_영천시_2022_01(비도시),화북면,화북면,2023-04-14,,52,일반빈집
농어촌,계획관리지역,경북_영천시_2022_01(비도시),화북면,화북면,2023-04-14,,54,일반빈집
농어촌,계획관리지역,경북_영천시_2022_01(비도시),화남면,화남면,2023-05-04,,65,일반빈집
농어촌,계획관리지역,경북_영천시_2022_01(비도시),화남면,화남면,2023-05-04,,51,일반빈집
농어촌,계획관리지역,경북_영천시_2022_01(비도시),화남면,화남면,2023-04-11,,62,일반빈집
농어촌,계획관리지역,경북_영천시_2022_01(비도시),화남면,화남면,2023-04-11,,50,일반빈집
농어촌,계획관리지역,경북_영천시_2022_01(비도시),화남면,화남면,2023-04-11,,62,일반빈집
농어촌,계획관리지역,경북_영천시_2022_01(비도시),화남면,화남면,2023-05-03,,28,일반빈집
농어촌,농림지역,경북_영천시_2022_01(비도시),화남면,화남면,2023-05-03,,54,일반빈집
농어촌,계획관리지역,경북_영천시_2022_01(비도시),화남면,화남면,2023-05-03,,55,일반빈집
농어촌,계획관리지역,경북_영천시_2022_01(비도시),화남면,화남면,2023-05-03,,61,일반빈집
농어촌,계획관리지역,경북_영천시_2022_01(비도시),화남면,화남면,2023-05-03,,47,일반빈집
농어촌,계획관리지역,경북_영천시_2022_01(비도시),화남면,화남면,2023-05-03,,54,일반빈집
농어촌,계획관리지역,경북_영천시_2022_01(비도시),화남면,화남면,2023-05-04,,66,일반빈집
농어촌,계획관리지역,경북_영천시_2022_01(비도시),화남면,화남면,2023-05-04,,64,일반빈집
농어촌,보전관리지역,경북_영천시_2022_01(비도시),화남면,화남면,2023-05-04,,53,일반빈집
농어촌,계획관리지역,경북_영천시_2022_01(비도시),화남면,화남면,2023-05-04,,55,일반빈집
농어촌,보전관리지역,경북_영천시_2022_01(비도시),자양면,자양면,2023-04-24,,62,일반빈집
농어촌,계획관리지역,경북_영천시_2022_01(비도시),자양면,자양면,2023-04-24,,60,일반빈집
농어촌,계획관리지역,경북_영천시_2022_01(비도시),자양면,자양면,2023-04-26,,61,특정빈집
농어촌,계획관리지역,경북_영천시_2022_01(비도시),자양면,자양면,2023-04-26,,46,일반빈집
농어촌,보전관리지역,경북_영천시_2022_01(비도시),자양면,자양면,2023-05-02,,56,일반빈집
농어촌,계획관리지역,경북_영천시_2022_01(비도시),자양면,자양면,2023-04-25,,41,일반빈집
농어촌,보전관리지역,경북_영천시_2022_01(비도시),자양면,자양면,2023-04-24,,63,일반빈집
농어촌,자연환경보전지역,경북_영천시_2022_01(비도시),자양면,자양면,2023-05-02,,44,일반빈집
농어촌,계획관리지역,경북_영천시_2022_01(비도시),자양면,자양면,2023-05-04,,58,일반빈집
농어촌,보전관리지역,경북_영천시_2022_01(비도시),자양면,자양면,2023-05-04,,56,일반빈집
농어촌,계획관리지역,경북_영천시_2022_01(비도시),자양면,자양면,2023-05-02,,59,일반빈집
농어촌,계획관리지역,경북_영천시_2022_01(비도시),임고면,임고면,2023-03-22,,57,일반빈집
농어촌,계획관리지역,경북_영천시_2022_01(비도시),임고면,임고면,2023-03-22,,52,일반빈집
농어촌,계획관리지역,경북_영천시_2022_01(비도시),임고면,임고면,2023-07-12,,39,일반빈집
농어촌,계획관리지역,경북_영천시_2022_01(비도시),임고면,임고면,2023-03-29,,50,일반빈집
농어촌,계획관리지역,경북_영천시_2022_01(비도시),임고면,임고면,2023-05-02,,37,일반빈집
농어촌,계획관리지역,경북_영천시_2022_01(비도시),임고면,임고면,2023-05-02,,62,일반빈집
농어촌,계획관리지역,경북_영천시_2022_01(비도시),임고면,임고면,2023-05-02,,57,일반빈집
농어촌,계획관리지역,경북_영천시_2022_01(비도시),임고면,임고면,2023-03-29,,51,일반빈집
농어촌,계획관리지역,경북_영천시_2022_01(비도시),임고면,임고면,2023-04-03,,60,일반빈집
농어촌,계획관리지역,경북_영천시_2022_01(비도시),임고면,임고면,2023-05-02,,65,일반빈집
농어촌,계획관리지역,경북_영천시_2022_01(비도시),임고면,임고면,2023-03-31,,55,일반빈집
농어촌,계획관리지역,경북_영천시_2022_01(비도시),임고면,임고면,2023-03-27,,57,일반빈집
농어촌,계획관리지역,경북_영천시_2022_01(비도시),임고면,임고면,2023-07-11,,29,일반빈집
농어촌,계획관리지역,경북_영천시_2022_01(비도시),임고면,임고면,2023-03-31,,62,일반빈집
농어촌,계획관리지역,경북_영천시_2022_01(비도시),임고면,임고면,2023-03-31,,62,일반빈집
농어촌,계획관리지역,경북_영천시_2022_01(비도시),임고면,임고면,2023-04-03,,62,특정빈집
농어촌,계획관리지역,경북_영천시_2022_01(비도시),임고면,임고면,2023-03-31,,52,일반빈집
농어촌,계획관리지역,경북_영천시_2022_01(비도시),임고면,임고면,2023-04-03,,54,일반빈집
농어촌,계획관리지역,경북_영천시_2022_01(비도시),임고면,임고면,2023-03-31,,58,일반빈집
농어촌,보전관리지역,경북_영천시_2022_01(비도시),임고면,임고면,2023-04-21,,52,일반빈집
농어촌,보전관리지역,경북_영천시_2022_01(비도시),임고면,임고면,2023-04-24,,52,일반빈집
농어촌,계획관리지역,경북_영천시_2022_01(비도시),임고면,임고면,2023-07-03,,64,일반빈집
농어촌,계획관리지역,경북_영천시_2022_01(비도시),임고면,임고면,2023-04-21,,50,일반빈집
농어촌,계획관리지역,경북_영천시_2022_01(비도시),임고면,임고면,2023-04-21,,46,일반빈집
농어촌,계획관리지역,경북_영천시_2022_01(비도시),임고면,임고면,2023-04-04,,52,일반빈집
농어촌,계획관리지역,경북_영천시_2022_01(비도시),임고면,임고면,2023-04-04,,48,일반빈집
농어촌,계획관리지역,경북_영천시_2022_01(비도시),임고면,임고면,2023-04-21,,53,일반빈집
농어촌,계획관리지역,경북_영천시_2022_01(비도시),임고면,임고면,2023-03-14,,53,일반빈집
농어촌,계획관리지역,경북_영천시_2022_01(비도시),임고면,임고면,2023-03-14,,61,일반빈집
농어촌,계획관리지역,경북_영천시_2022_01(비도시),임고면,임고면,2023-03-14,,65,특정빈집
농어촌,계획관리지역,경북_영천시_2022_01(비도시),임고면,임고면,2023-03-14,,48,일반빈집
농어촌,계획관리지역,경북_영천시_2022_01(비도시),임고면,임고면,2023-03-24,,48,일반빈집
농어촌,계획관리지역,경북_영천시_2022_01(비도시),임고면,임고면,2023-03-22,,63,특정빈집
농어촌,계획관리지역,경북_영천시_2022_01(비도시),임고면,임고면,2023-03-27,,63,특정빈집
농어촌,계획관리지역,경북_영천시_2022_01(비도시),임고면,임고면,2023-03-22,,43,일반빈집
농어촌,계획관리지역,경북_영천시_2022_01(비도시),임고면,임고면,2023-04-05,,61,특정빈집
농어촌,계획관리지역,경북_영천시_2022_01(비도시),임고면,임고면,2023-03-27,,49,일반빈집
농어촌,일반상업지역,경북_영천시_2022_01(비도시),고경면,고경면,2023-03-14,,41,일반빈집
농어촌,자연녹지지역,경북_영천시_2022_01(비도시),고경면,고경면,2023-03-17,,63,특정빈집
농어촌,자연녹지지역,경북_영천시_2022_01(비도시),고경면,고경면,2023-03-21,,55,일반빈집
농어촌,자연녹지지역,경북_영천시_2022_01(비도시),고경면,고경면,2023-03-14,,44,일반빈집
농어촌,자연녹지지역,경북_영천시_2022_01(비도시),고경면,고경면,2023-03-14,,50,일반빈집
농어촌,자연녹지지역,경북_영천시_2022_01(비도시),고경면,고경면,2023-03-15,,61,일반빈집
농어촌,자연녹지지역,경북_영천시_2022_01(비도시),고경면,고경면,2023-07-12,,46,일반빈집
농어촌,자연녹지지역,경북_영천시_2022_01(비도시),고경면,고경면,2023-07-12,,63,일반빈집
농어촌,제1종일반주거지역,경북_영천시_2022_01(비도시),고경면,고경면,2023-07-12,,32,일반빈집
농어촌,자연녹지지역,경북_영천시_2022_01(비도시),고경면,고경면,2023-03-21,,62,특정빈집
농어촌,농림지역,경북_영천시_2022_01(비도시),고경면,고경면,2023-03-22,,54,일반빈집
농어촌,보전관리지역,경북_영천시_2022_01(비도시),고경면,고경면,2023-04-27,,47,일반빈집
농어촌,보전관리지역,경북_영천시_2022_01(비도시),고경면,고경면,2023-04-27,,48,일반빈집
농어촌,계획관리지역,경북_영천시_2022_01(비도시),고경면,고경면,2023-03-15,,60,특정빈집
농어촌,계획관리지역,경북_영천시_2022_01(비도시),고경면,고경면,2023-03-15,,53,일반빈집
농어촌,계획관리지역,경북_영천시_2022_01(비도시),고경면,고경면,2023-03-17,,55,일반빈집
농어촌,계획관리지역,경북_영천시_2022_01(비도시),고경면,고경면,2023-05-03,,54,일반빈집
농어촌,계획관리지역,경북_영천시_2022_01(비도시),고경면,고경면,2023-03-15,,46,일반빈집
농어촌,농림지역,경북_영천시_2022_01(비도시),고경면,고경면,2023-03-18,,60,일반빈집
농어촌,계획관리지역,경북_영천시_2022_01(비도시),고경면,고경면,2023-07-12,,32,일반빈집
농어촌,계획관리지역,경북_영천시_2022_01(비도시),고경면,고경면,2023-03-18,,52,일반빈집
농어촌,계획관리지역,경북_영천시_2022_01(비도시),고경면,고경면,2023-03-18,,61,일반빈집
농어촌,계획관리지역,경북_영천시_2022_01(비도시),고경면,고경면,2023-03-17,,54,일반빈집
농어촌,계획관리지역,경북_영천시_2022_01(비도시),고경면,고경면,2023-03-18,,51,일반빈집
농어촌,계획관리지역,경북_영천시_2022_01(비도시),고경면,고경면,2023-07-12,,38,일반빈집
농어촌,계획관리지역,경북_영천시_2022_01(비도시),고경면,고경면,2023-03-28,,51,일반빈집
농어촌,계획관리지역,경북_영천시_2022_01(비도시),고경면,고경면,2023-05-03,,47,일반빈집
농어촌,계획관리지역,경북_영천시_2022_01(비도시),고경면,고경면,2023-05-03,,47,일반빈집
농어촌,계획관리지역,경북_영천시_2022_01(비도시),고경면,고경면,2023-05-03,,51,일반빈집
농어촌,계획관리지역,경북_영천시_2022_01(비도시),고경면,고경면,2023-03-22,,65,특정빈집
농어촌,계획관리지역,경북_영천시_2022_01(비도시),고경면,고경면,2023-07-12,,31,일반빈집
농어촌,계획관리지역,경북_영천시_2022_01(비도시),고경면,고경면,2023-04-13,,53,일반빈집
농어촌,계획관리지역,경북_영천시_2022_01(비도시),고경면,고경면,2023-04-27,,45,일반빈집
농어촌,계획관리지역,경북_영천시_2022_01(비도시),고경면,고경면,2023-07-03,,64,특정빈집
농어촌,계획관리지역,경북_영천시_2022_01(비도시),고경면,고경면,2023-03-28,,53,일반빈집
농어촌,계획관리지역,경북_영천시_2022_01(비도시),고경면,고경면,2023-03-28,,53,일반빈집
농어촌,계획관리지역,경북_영천시_2022_01(비도시),고경면,고경면,2023-04-12,,55,일반빈집
농어촌,보전관리지역,경북_영천시_2022_01(비도시),고경면,고경면,2023-05-03,,49,일반빈집
농어촌,계획관리지역,경북_영천시_2022_01(비도시),고경면,고경면,2023-05-03,,62,특정빈집
농어촌,계획관리지역,경북_영천시_2022_01(비도시),고경면,고경면,2023-05-03,,52,일반빈집
농어촌,계획관리지역,경북_영천시_2022_01(비도시),고경면,고경면,2023-05-03,,55,일반빈집
농어촌,계획관리지역,경북_영천시_2022_01(비도시),고경면,고경면,2023-05-03,,61,일반빈집
농어촌,계획관리지역,경북_영천시_2022_01(비도시),고경면,고경면,2023-04-27,,54,일반빈집
농어촌,계획관리지역,경북_영천시_2022_01(비도시),고경면,고경면,2023-04-12,,64,특정빈집
농어촌,계획관리지역,경북_영천시_2022_01(비도시),고경면,고경면,2023-04-12,,49,일반빈집
농어촌,계획관리지역,경북_영천시_2022_01(비도시),고경면,고경면,2023-04-27,,61,일반빈집
농어촌,계획관리지역,경북_영천시_2022_01(비도시),고경면,고경면,2023-04-13,,62,특정빈집
농어촌,계획관리지역,경북_영천시_2022_01(비도시),고경면,고경면,2023-04-12,,60,특정빈집
농어촌,계획관리지역,경북_영천시_2022_01(비도시),고경면,고경면,2023-04-12,,41,일반빈집
농어촌,보전관리지역,경북_영천시_2022_01(비도시),고경면,고경면,2023-04-27,,50,일반빈집
농어촌,계획관리지역,경북_영천시_2022_01(비도시),고경면,고경면,2023-04-27,,41,일반빈집
농어촌,계획관리지역,경북_영천시_2022_01(비도시),북안면,북안면,2023-04-24,,51,일반빈집
농어촌,계획관리지역,경북_영천시_2022_01(비도시),북안면,북안면,2023-04-24,,56,일반빈집
농어촌,보전관리지역,경북_영천시_2022_01(비도시),북안면,북안면,2023-04-24,,50,일반빈집
농어촌,계획관리지역,경북_영천시_2022_01(비도시),북안면,북안면,2023-04-26,,55,일반빈집
농어촌,계획관리지역,경북_영천시_2022_01(비도시),북안면,북안면,2023-04-26,,54,일반빈집
농어촌,계획관리지역,경북_영천시_2022_01(비도시),북안면,북안면,2023-04-26,,64,특정빈집
농어촌,계획관리지역,경북_영천시_2022_01(비도시),북안면,북안면,2023-04-26,,50,일반빈집
농어촌,계획관리지역,경북_영천시_2022_01(비도시),북안면,북안면,2023-04-26,,57,특정빈집
농어촌,계획관리지역,경북_영천시_2022_01(비도시),북안면,북안면,2023-04-11,,56,특정빈집
농어촌,계획관리지역,경북_영천시_2022_01(비도시),북안면,북안면,2023-04-24,,55,일반빈집
농어촌,계획관리지역,경북_영천시_2022_01(비도시),북안면,북안면,2023-04-24,,49,일반빈집
농어촌,보전관리지역,경북_영천시_2022_01(비도시),북안면,북안면,2023-04-26,,41,일반빈집
농어촌,계획관리지역,경북_영천시_2022_01(비도시),북안면,북안면,2023-07-12,,44,일반빈집
농어촌,계획관리지역,경북_영천시_2022_01(비도시),북안면,북안면,2023-04-24,,57,일반빈집
농어촌,계획관리지역,경북_영천시_2022_01(비도시),북안면,북안면,2023-04-25,,54,일반빈집
농어촌,계획관리지역,경북_영천시_2022_01(비도시),북안면,북안면,2023-04-26,,48,일반빈집
농어촌,계획관리지역,경북_영천시_2022_01(비도시),북안면,북안면,2023-04-26,,62,일반빈집
농어촌,계획관리지역,경북_영천시_2022_01(비도시),북안면,북안면,2023-04-26,,55,특정빈집
농어촌,계획관리지역,경북_영천시_2022_01(비도시),북안면,북안면,2023-04-26,,55,일반빈집
농어촌,계획관리지역,경북_영천시_2022_01(비도시),북안면,북안면,2023-04-26,,51,일반빈집
농어촌,계획관리지역,경북_영천시_2022_01(비도시),북안면,북안면,2023-04-25,,56,특정빈집
농어촌,계획관리지역,경북_영천시_2022_01(비도시),북안면,북안면,2023-04-24,,56,일반빈집
농어촌,계획관리지역,경북_영천시_2022_01(비도시),북안면,북안면,2023-04-27,,48,일반빈집
농어촌,계획관리지역,경북_영천시_2022_01(비도시),북안면,북안면,2023-04-26,,50,일반빈집
농어촌,계획관리지역,경북_영천시_2022_01(비도시),북안면,북안면,2023-04-27,,51,일반빈집
농어촌,계획관리지역,경북_영천시_2022_01(비도시),북안면,북안면,2023-04-27,,66,특정빈집
농어촌,계획관리지역,경북_영천시_2022_01(비도시),북안면,북안면,2023-04-27,,57,특정빈집
농어촌,계획관리지역,경북_영천시_2022_01(비도시),북안면,북안면,2023-04-27,,37,일반빈집
농어촌,계획관리지역,경북_영천시_2022_01(비도시),북안면,북안면,2023-04-27,,71,특정빈집
농어촌,계획관리지역,경북_영천시_2022_01(비도시),북안면,북안면,2023-07-11,,38,일반빈집
농어촌,계획관리지역,경북_영천시_2022_01(비도시),북안면,북안면,2023-04-28,,50,일반빈집
농어촌,계획관리지역,경북_영천시_2022_01(비도시),북안면,북안면,2023-04-28,,76,특정빈집
농어촌,계획관리지역,경북_영천시_2022_01(비도시),북안면,북안면,2023-04-26,,49,일반빈집
농어촌,계획관리지역,경북_영천시_2022_01(비도시),북안면,북안면,2023-04-26,,63,일반빈집
농어촌,계획관리지역,경북_영천시_2022_01(비도시),북안면,북안면,2023-04-28,,61,일반빈집
농어촌,계획관리지역,경북_영천시_2022_01(비도시),북안면,북안면,2023-04-28,,53,일반빈집
농어촌,계획관리지역,경북_영천시_2022_01(비도시),북안면,북안면,2023-04-28,,53,일반빈집
농어촌,계획관리지역,경북_영천시_2022_01(비도시),북안면,북안면,2023-04-28,,54,일반빈집
농어촌,계획관리지역,경북_영천시_2022_01(비도시),북안면,북안면,2023-04-28,,53,일반빈집
농어촌,계획관리지역,경북_영천시_2022_01(비도시),북안면,북안면,2023-04-21,,54,일반빈집
농어촌,계획관리지역,경북_영천시_2022_01(비도시),북안면,북안면,2023-04-21,,45,일반빈집
농어촌,계획관리지역,경북_영천시_2022_01(비도시),북안면,북안면,2023-04-21,,49,일반빈집
농어촌,계획관리지역,경북_영천시_2022_01(비도시),북안면,북안면,2023-04-21,,56,일반빈집
농어촌,계획관리지역,경북_영천시_2022_01(비도시),북안면,북안면,2023-04-21,,46,일반빈집
농어촌,계획관리지역,경북_영천시_2022_01(비도시),북안면,북안면,2023-04-20,,42,일반빈집
농어촌,계획관리지역,경북_영천시_2022_01(비도시),북안면,북안면,2023-04-20,,66,특정빈집
농어촌,계획관리지역,경북_영천시_2022_01(비도시),북안면,북안면,2023-04-20,,48,일반빈집
농어촌,계획관리지역,경북_영천시_2022_01(비도시),북안면,북안면,2023-04-20,,50,일반빈집
농어촌,계획관리지역,경북_영천시_2022_01(비도시),북안면,북안면,2023-04-27,,51,일반빈집
농어촌,농림지역,경북_영천시_2022_01(비도시),북안면,북안면,2023-04-20,,52,일반빈집
농어촌,계획관리지역,경북_영천시_2022_01(비도시),북안면,북안면,2023-04-20,,60,특정빈집
농어촌,농림지역,경북_영천시_2022_01(비도시),북안면,북안면,2023-07-12,,45,일반빈집
농어촌,계획관리지역,경북_영천시_2022_01(비도시),북안면,북안면,2023-04-21,,46,일반빈집
농어촌,계획관리지역,경북_영천시_2022_01(비도시),북안면,북안면,2023-04-21,,65,특정빈집
농어촌,계획관리지역,경북_영천시_2022_01(비도시),대창면,대창면,2023-04-11,,49,일반빈집
농어촌,계획관리지역,경북_영천시_2022_01(비도시),대창면,대창면,2023-04-11,,45,일반빈집
농어촌,계획관리지역,경북_영천시_2022_01(비도시),대창면,대창면,2023-07-12,,57,일반빈집
농어촌,계획관리지역,경북_영천시_2022_01(비도시),대창면,대창면,2023-04-11,,68,특정빈집
농어촌,계획관리지역,경북_영천시_2022_01(비도시),대창면,대창면,2023-04-11,,55,특정빈집
농어촌,계획관리지역,경북_영천시_2022_01(비도시),대창면,대창면,2023-04-11,,44,일반빈집
농어촌,계획관리지역,경북_영천시_2022_01(비도시),대창면,대창면,2023-04-04,,53,일반빈집
농어촌,계획관리지역,경북_영천시_2022_01(비도시),대창면,대창면,2023-04-11,,48,일반빈집
농어촌,계획관리지역,경북_영천시_2022_01(비도시),대창면,대창면,2023-04-04,,60,특정빈집
농어촌,계획관리지역,경북_영천시_2022_01(비도시),대창면,대창면,2023-04-04,,47,일반빈집
농어촌,농림지역,경북_영천시_2022_01(비도시),대창면,대창면,2023-04-04,,47,일반빈집
농어촌,계획관리지역,경북_영천시_2022_01(비도시),대창면,대창면,2023-04-04,,48,일반빈집
농어촌,계획관리지역,경북_영천시_2022_01(비도시),대창면,대창면,2023-04-04,,47,일반빈집
농어촌,계획관리지역,경북_영천시_2022_01(비도시),대창면,대창면,2023-04-04,,47,일반빈집
농어촌,계획관리지역,경북_영천시_2022_01(비도시),대창면,대창면,2023-04-04,,51,일반빈집
농어촌,계획관리지역,경북_영천시_2022_01(비도시),대창면,대창면,2023-04-04,,49,일반빈집
농어촌,계획관리지역,경북_영천시_2022_01(비도시),대창면,대창면,2023-04-04,,47,일반빈집
농어촌,계획관리지역,경북_영천시_2022_01(비도시),대창면,대창면,2023-04-04,,46,일반빈집
농어촌,계획관리지역,경북_영천시_2022_01(비도시),대창면,대창면,2023-04-04,,49,일반빈집
농어촌,계획관리지역,경북_영천시_2022_01(비도시),대창면,대창면,2023-04-04,,70,특정빈집
농어촌,계획관리지역,경북_영천시_2022_01(비도시),대창면,대창면,2023-04-04,,50,일반빈집
농어촌,계획관리지역,경북_영천시_2022_01(비도시),대창면,대창면,2023-03-30,,52,일반빈집
농어촌,계획관리지역,경북_영천시_2022_01(비도시),대창면,대창면,2023-03-30,,46,일반빈집
농어촌,계획관리지역,경북_영천시_2022_01(비도시),대창면,대창면,2023-03-30,,47,일반빈집
농어촌,계획관리지역,경북_영천시_2022_01(비도시),대창면,대창면,2023-03-30,,47,일반빈집
,,,,,,,,
