회사명,소재지,대표업종,업종명,전화번호,팩스번호,종업원수
현준정공,경상북도 영천시 청통면,29293,주형 및 금형 제조업,053-583-400,053-583-5095,13
삼송식품,경상북도 영천시 금호읍,10701,도시락류 제조업 외 1 종,054-332-806,,5
남해화학(주) 영천공장,경상북도 영천시 북안면,20313,유기질 비료 및 상토 제조업,02-360-9362,02-360-9369,2
팩프랜드,경상북도 영천시 도남동,22231,"플라스틱 포대, 봉투 및 유사제품 제조업",02-408-7997,02-408-7996,4
주식회사 터프코리아,경상북도 영천시 화남면,22299,그 외 기타 플라스틱 제품 제조업,02-419-6376,02-419-5070,2
한국특수인삼(주),경상북도 영천시 청통면,11209,기타 비알코올 음료 제조업,02-764-1389,054-336-5802,2
주식회사 경안테크,경상북도 영천시 금호읍,25112,구조용 금속 판제품 및 공작물 제조업 외 6 종,031-2853-2058,031-212-8685,13
(주)성욱,경상북도 영천시 채신동,25922,도금업,031-499-2021,,3
주식회사 탑베이스,경상북도 영천시 대창면,22299,그 외 기타 플라스틱 제품 제조업 외 1 종,031-523-4028,031-624-6247,5
(주)유니스포텍,경상북도 영천시 화남면,22299,그 외 기타 플라스틱 제품 제조업,031-527-5080,0504-287-8878,5
신성에프엔비(주) 영천지사,경상북도 영천시 오미동,10892,차류 가공업,031-942-4142,031-942-4192,5
(주)예림키친,경상북도 영천시 청통면,32021,주방용 및 음식점용 목재가구 제조업 외 2 종,032-585-2150,032-574-0388,17
(주)예림키친,경상북도 영천시 청통면,16211,"박판, 합판 및 유사 적층판 제조업 외 1 종",032-585-2150,032-574-0388,0
(주)제이씨그린에너지,경상북도 영천시 도남동,35114,태양력 발전업,032-719-7998,,0
유티씨우주산업(주),경상북도 영천시 청통면,29192,분사기 및 소화기 제조업,032-812-3689,032-812-3680,8
(주)동서산업롤,경상북도 영천시 화남면,29199,그 외 기타 일반목적용 기계 제조업 외 1 종,041-552-0907,041-552-6782,3
(주)전일산업,경상북도 영천시 금호읍,25112,구조용 금속 판제품 및 공작물 제조업 외 8 종,041-558-8681,041-558-8682,5
(주)옻향,경상북도 영천시 대창면,20112,바이오매스계 기초 화학물질 제조업 외 5 종,050-5300-9960,0303-3130-9960,2
필드터프승목(주),경상북도 영천시 화남면,22299,그 외 기타 플라스틱 제품 제조업,052-257-1989,052-257-1990,11
디에스글로벌주식회사,경상북도 영천시 봉동,10709,기타 식사용 가공처리 조리식품 제조업,052-275-1515,052-275-8080,27
푸른이엔지,경상북도 영천시 녹전동,25113,육상 금속 골조 구조재 제조업,052-297-4470,052-257-3327,6
한울농업회사법인(주),경상북도 영천시 청통면,10309,기타 과실채소 가공 및 저장 처리업,053-214-5000,054-332-5006,10
한울푸드,경상북도 영천시 청통면,10309,기타 과실채소 가공 및 저장 처리업 외 1 종,053-214-5000,054-332-5006,47
(주)청마루,경상북도 영천시 대창면,25112,구조용 금속 판제품 및 공작물 제조업 외 2 종,053-215-5000,053-215-5001,10
부림푸드,경상북도 영천시 청통면,10820,"면류, 마카로니 및 유사식품 제조업",053-253-6866,053-253-6855,5
태영식품,경상북도 영천시 녹전동,10309,기타 과실채소 가공 및 저장 처리업,053-313-3447,053-312-3447,5
(주)디에이치다한,경상북도 영천시 대창면,25119,기타 구조용 금속제품 제조업 외 1 종,053-322-5924,052-322-5925,3
주식회사 태강스틸,경상북도 영천시 금호읍,30320,자동차 차체용 신품 부품 제조업 외 1 종,053-336-5070,,35
(주)삼오테크,경상북도 영천시 금호읍,25113,육상 금속 골조 구조재 제조업 외 1 종,053-351-0405,053-357-0406,8
참마시푸드,경상북도 영천시 대창면,10832,천연 및 혼합조제 조미료 제조업 외 1 종,053-351-4812,053-351-4813,0
대금테크,경상북도 영천시 도남동,30320,자동차 차체용 신품 부품 제조업 외 1 종,053-354-2076,054-354-2079,15
(주)금강공업,경상북도 영천시 청통면,29269,"기타 섬유, 의복 및 가죽 가공 기계 제조업",053-354-3411,053-354-1716,7
(주)생각을짓는건설 제1공장,경상북도 영천시 금호읍,29293,주형 및 금형 제조업,053-358-6266,053-358-6677,8
생각을짓는건설 제2공장,경상북도 영천시 금호읍,13992,부직포 및 펠트 제조업,053-358-6688,053-358-6677,2
대진정공,경상북도 영천시 금호읍,29293,주형 및 금형 제조업,053-358-6810,053-358-6811,10
IMC,경상북도 영천시 금호읍,29293,주형 및 금형 제조업,053-381-8828,053-355-7199,23
(주)원일퍼니처 제1공장,경상북도 영천시 청통면,32091,금속 가구 제조업 외 1 종,053-382-6696,053-383-3095,20
영흥기계제작소,경상북도 영천시 북안면,25113,육상 금속 골조 구조재 제조업,053-382-6875,053-382-6874,10
소통,경상북도 영천시 청통면,14199,그 외 기타 봉제의복 제조업,053-426-7766,053-783-5785,9
(주)제이더블유바이오,경상북도 영천시 화산면,20423,화장품 제조업,053-427-1201,053-427-1207,7
진영섬유,경상북도 영천시 망정동,13104,연사 및 가공사 제조업,053-525-2738,053-525-2740,5
(주)시마,경상북도 영천시 북안면,13101,면 방적업 외 11 종,053-556-8680,,40
KD플랜트,경상북도 영천시 청통면,29176,액체 여과기 제조업 외 1 종,053-581-7935,053-582-7935,5
세신실업(주),경상북도 영천시 대창면,29192,분사기 및 소화기 제조업,053-583-2667,053-583-2669,6
화영테크,경상북도 영천시 대창면,22192,산업용 그 외 비경화 고무제품 제조업,053-583-3688,053-584-3686,11
(주)씨티에이플러스,경상북도 영천시 봉동,29133,"탭, 밸브 및 유사장치 제조업",053-584-2214,,7
(주)아우노,경상북도 영천시 청통면,10810,설탕 제조업,053-587-7110,053-587-7130,12
주식회사 그린안전,경상북도 영천시 대창면,25932,일반철물 제조업,053-588-2133,053-812-2136,6
(주)현준정밀,경상북도 영천시 청통면,29293,주형 및 금형 제조업,053-592-5090,053-592-5092,15
(주)구영테크 영천 제2공장지점,경상북도 영천시 북안면,30399,그 외 자동차용 신품 부품 제조업 외 3 종,053-592-6111,053-592-0564,46
(주)구영테크영천지점,경상북도 영천시 북안면,30320,자동차 차체용 신품 부품 제조업 외 1 종,053-592-6111,054-334-7387,162
(주)유진텍,경상북도 영천시 봉동,25924,절삭가공 및 유사처리업 외 2 종,053-592-7722,053-592-7720,6
(주)디와이씨에스,경상북도 영천시 청통면,24222,"알루미늄 압연, 압출 및 연신제품 제조업",053-604-5720,053-604-5754,8
주식회사 피엔디티,경상북도 영천시 채신동,22191,고무패킹류 제조업 외 1 종,053-610-6400,,168
(주)지에스탑,경상북도 영천시 고경면,13994,표면처리 및 적층 직물 제조업,053-614-8500,053-615-6114,15
주식회사 한빛,경상북도 영천시 봉동,25113,육상 금속 골조 구조재 제조업,053-622-5596,053-746-1207,8
주식회사 에이치지씨,경상북도 영천시 금호읍,33303,낚시 및 수렵용구 제조업 외 1 종,053-721-6163,053-854-1771,3
(주)글로벌케이엔 ,경상북도 영천시 금호읍,25924,절삭가공 및 유사처리업,053-721-6714,053-721-6751,19
(주)태성에스텍 지점,경상북도 영천시 금호읍,25113,육상 금속 골조 구조재 제조업,053-721-7815,053-721-7816,10
(주)자두푸드시스템,경상북도 영천시 청통면,10220,수산식물 가공 및 저장 처리업,053-741-4540,,4
(주)한스인테크,경상북도 영천시 북안면,22212,플라스틱 필름 제조업 외 2 종,053-743-7761,,40
한하공업,경상북도 영천시 대창면,25113,육상 금속 골조 구조재 제조업,053-744-1800,053-293-1523,6
주식회사 한영티에스,경상북도 영천시 봉동,25113,육상 금속 골조 구조재 제조업,053-744-7107,,5
(주)두원스틸,경상북도 영천시 대창면,25113,육상 금속 골조 구조재 제조업 외 1 종,053-745-1800,054-338-3580,42
두리기업(주),경상북도 영천시 대창면,25122,금속탱크 및 저장용기 제조업 외 1 종,053-761-1553,053-763-1554,16
(주)도건,경상북도 영천시 대창면,23911,건설용 석제품 제조업,053-791-5235,053-792-5235,7
대경디자인 휀스,경상북도 영천시 청통면,25111,"금속 문, 창, 셔터 및 관련제품 제조업 외 3 종",053-811-6035,053-811-6034,1
(주)에이치에스이,경상북도 영천시 대창면,29172,가정용 및 산업용 공기 조화장치 제조업 외 1 종,053-812-5621,053-851-5621,4
(주)평화,경상북도 영천시 신녕면,23324,"콘크리트 타일, 기와, 벽돌 및 블록 제조업 외 1 종",053-817-2261,053-817-2262,6
(주)나현,경상북도 영천시 금호읍,22241,운송장비 조립용 플라스틱제품 제조업,053-817-9916,053-817-9916,8
(주)팜텍21,경상북도 영천시 청통면,20312,복합비료 및 기타 화학비료 제조업 외 1 종,053-850-3756,053-856-9746,5
삼성포장(주),경상북도 영천시 금호읍,17211,골판지 제조업 외 1 종,053-851-0655,053-851-0659,40
썬페이퍼주식회사,경상북도 영천시 대창면,17211,골판지 제조업 외 1 종,053-851-3583,053-851-4767,12
(주)보우기전,경상북도 영천시 대창면,28123,배전반 및 전기 자동제어반 제조업 외 1 종,053-852-3284,053-852-3286,3
고려에프디,경상북도 영천시 대창면,10892,차류 가공업,053-852-3653,053-852-0600,4
(주)이디에스,경상북도 영천시 금호읍,26299,그 외 기타 전자부품 제조업 외 4 종,053-852-4501,053-853-4501,5
강원공업,경상북도 영천시 대창면,30320,자동차 차체용 신품 부품 제조업 외 2 종,053-852-4504,053-852-4505,10
(주)거평그린,경상북도 영천시 화산면,13104,연사 및 가공사 제조업,053-852-5674,,8
동해소재(주),경상북도 영천시 고경면,23993,비금속광물 분쇄물 생산업,053-852-7744,054-706-7781,15
(주)에어테크,경상북도 영천시 금호읍,28909,그 외 기타 전기장비 제조업,053-853-1608,,4
(주)토리아,경상북도 영천시 대창면,25119,기타 구조용 금속제품 제조업 외 1 종,053-853-3933,053-853-3935,5
아토시스템,경상북도 영천시 금호읍,29280,산업용 로봇 제조업 외 1 종,053-853-5208,,3
로얄푸드,경상북도 영천시 도남동,10832,천연 및 혼합조제 조미료 제조업 외 1 종,053-853-8966,053-853-8965,5
(주)에이치인더스트리,경상북도 영천시 대창면,32021,주방용 및 음식점용 목재가구 제조업 외 1 종,053-853-9978,053-853-9979,7
농업회사법인(주)두손애약초,경상북도 영천시 오미동,10309,기타 과실채소 가공 및 저장 처리업 외 1 종,053-854-0203,053-854-8551,13
(주) 엘앤피 농업회사법인,경상북도 영천시 대창면,27215,기기용 자동측정 및 제어장치 제조업 외 1 종,053-856-0916,054-337-0916,18
(주)한국기업,경상북도 영천시 대창면,25112,구조용 금속 판제품 및 공작물 제조업 외 3 종,053-856-1835,053-856-1834,9
미래신합섬(주),경상북도 영천시 금호읍,13104,연사 및 가공사 제조업,053-856-2078,,4
동진기업(주),경상북도 영천시 청통면,16299,그 외 기타 나무제품 제조업,053-856-2115,053-857-2115,20
네오코퍼레이션,경상북도 영천시 금호읍,25913,자동차용 금속 압형제품 제조업,053-856-2215,053-856-2216,8
(주)세운아이엔티 제2공장,경상북도 영천시 대창면,30399,그 외 자동차용 신품 부품 제조업 외 3 종,053-856-3430,053-856-4213,47
경농기계,경상북도 영천시 금호읍,29210,농업 및 임업용 기계 제조업,053-856-5060,053-289-5090,0
윈코(WINCO),경상북도 영천시 대창면,23121,"1차 유리제품, 유리섬유 및 광학용 유리 제조업",053-856-6747,,19
(주)윈코,경상북도 영천시 금호읍,23121,"1차 유리제품, 유리섬유 및 광학용 유리 제조업",053-856-6747,053-856-7592,15
(주)조일시스템,경상북도 영천시 대창면,22223,플라스틱 창호 제조업,053-856-8433,053-856-8436,30
파가니케미칼,경상북도 영천시 금호읍,13992,부직포 및 펠트 제조업,053-857-0227,053-857-0228,3
(주)크린테크,경상북도 영천시 금호읍,29176,액체 여과기 제조업,053-857-5705,0504-342-5366,0
삼성테크주식회사,경상북도 영천시 금호읍,29299,그 외 기타 특수목적용 기계 제조업,053-859-5026,053-851-0659,2
(주)케이피씨,경상북도 영천시 고경면,29133,"탭, 밸브 및 유사장치 제조업",053-862-4839,053-962-6383,16
(주)솜모바이오,경상북도 영천시 대창면,10899,그 외 기타 식료품 제조업,053-953-1040,053-289-0295,5
뚜뚜실업,경상북도 영천시 청통면,29210,농업 및 임업용 기계 제조업,053-962-1558,053-964-1558,5
신일종합농기계유통,경상북도 영천시 청통면,29210,농업 및 임업용 기계 제조업,053-962-1558,053-964-1558,5
주식회사 서원테크,경상북도 영천시 신녕면,13104,연사 및 가공사 제조업 외 1 종,053-963-7950,053-963-7952,76
(주)대원기공,경상북도 영천시 청통면,29242,광물처리 및 취급장비 제조업,053-964-2430,053-964-2431,0
(주)매직엘이디 청통지점,경상북도 영천시 청통면,26519,비디오 및 기타 영상기기 제조업,053-964-6600,0504-077-2706,0
지에스씨전자,경상북도 영천시 금호읍,28511,주방용 전기기기 제조업,053-965-8836,,8
한국냉동,경상북도 영천시 대창면,11201,얼음 제조업,053-982-9700,053-383-0830,8
수호산업,경상북도 영천시 청통면,18111,경 인쇄업,053-983-5045,053-986-5045,6
(주)미보 부산어묵,경상북도 영천시 도남동,10211,"수산동물 훈제, 조리 및 유사 조제식품 제조업",054-0000-0000,,30
대혁농산,경상북도 영천시 청통면,10309,기타 과실채소 가공 및 저장 처리업,054-0331-0157,054-331-0157,8
(주)진현식품,경상북도 영천시 금노동,10220,수산식물 가공 및 저장 처리업,054-0331-3000,054-0331-3226,50
(주)화성섬유,경상북도 영천시 금호읍,13219,특수 직물 및 기타 직물 직조업,054-0331-7117,054-0335-1153,29
(주)위드,경상북도 영천시 북안면,13104,연사 및 가공사 제조업,054-0331-7221,054-333-3835,120
농업회사법인(주)모아,경상북도 영천시 도동,10301,김치류 제조업 외 1 종,054-0331-8030,054-331-8029,70
(주)디케이에스글로벌,경상북도 영천시 신녕면,25113,육상 금속 골조 구조재 제조업,054-0331-8333,054-0331-8304,85
(주)청화섬유,경상북도 영천시 금호읍,13104,연사 및 가공사 제조업,054-0331-8533,054-0331-8537,40
대운산업,경상북도 영천시 신녕면,17211,골판지 제조업 외 1 종,054-0331-9960,054-331-9961,7
유진연사,경상북도 영천시 청통면,13104,연사 및 가공사 제조업,054-0332-1152,,5
(주)케이씨피드,경상북도 영천시 금호읍,10901,반려동물용 사료 제조업 외 2 종,054-0332-6514,054-0333-3457,90
진송텍스,경상북도 영천시 청통면,13104,연사 및 가공사 제조업,054-0332-8818,054-0337-2771,4
현대목재산업,경상북도 영천시 오미동,32029,기타 목재가구 제조업,054-0333-1034,,3
엔젤산업,경상북도 영천시 대전동,13999,그 외 기타 분류 안된 섬유제품 제조업,054-0333-2729,054-331-3142,3
창덕산업,경상북도 영천시 금호읍,22299,그 외 기타 플라스틱 제품 제조업,054-0333-3042,054-0333-2967,15
효창산업(주),경상북도 영천시 금호읍,23991,아스팔트 콘크리트 및 혼합제품 제조업,054-0333-3796,054-337-9896,8
대신석물(주),경상북도 영천시 북안면,23919,기타 석제품 제조업,054-0333-4477,,13
청호유비,경상북도 영천시 청통면,20312,복합비료 및 기타 화학비료 제조업 외 1 종,054-0333-4844,054-338-3398,1
에스제이테크(주),경상북도 영천시 고경면,29291,"고무, 화학섬유 및 플라스틱 성형기 제조업 외 1 종",054-0333-9681,054-335-0656,15
진명섬유,경상북도 영천시 금호읍,13213,화학섬유직물 직조업,054-0334-0055,054-0334-1879,2
(주)홍창엠앤티,경상북도 영천시 금호읍,10901,반려동물용 사료 제조업 외 2 종,054-0334-1711,054-0334-7337,31
영창영농조합법인,경상북도 영천시 오수동,20312,복합비료 및 기타 화학비료 제조업 외 1 종,054-0334-2233,054-334-2284,3
송호섬유,경상북도 영천시 금호읍,13104,연사 및 가공사 제조업,054-0334-4573,054-335-0326,7
보광섬유(주),경상북도 영천시 금호읍,13213,화학섬유직물 직조업,054-0334-7111,054-0334-7112,25
(주)생초록농원,경상북도 영천시 청통면,10831,"식초, 발효 및 화학 조미료 제조업",054-0334-7171,054-0334-7175,2
(주)구영테크,경상북도 영천시 북안면,30399,그 외 자동차용 신품 부품 제조업 외 3 종,054-0334-7384,,10
(주)세원물산,경상북도 영천시 도남동,30399,그 외 자동차용 신품 부품 제조업 외 4 종,054-0335-0555,054-0335-1123,280
진풍산업(주),경상북도 영천시 도남동,24122,냉간 압연 및 압출 제품 제조업,054-0335-0700,054-0335-0680,41
동근산업,경상북도 영천시 청통면,13213,화학섬유직물 직조업,054-0335-0990,054-0335-2705,16
화산석재,경상북도 영천시 화산면,23919,기타 석제품 제조업,054-0335-1150,,2
극동섬유(주)영천,경상북도 영천시 화산면,13104,연사 및 가공사 제조업,054-0335-1437,054-0335-1439,20
두래산업사,경상북도 영천시 금호읍,13224,"천막, 텐트 및 유사 제품 제조업 외 1 종",054-0335-2393,054-336-2393,6
영화훼라이트(주),경상북도 영천시 화산면,26299,그 외 기타 전자부품 제조업 외 1 종,054-0335-2580,054-0335-3222,24
대경사과원예농협골판지공장,경상북도 영천시 본촌동,17211,골판지 제조업 외 1 종,054-0335-2882,054-0335-8608,29
(주)피케이테크,경상북도 영천시 대창면,13992,부직포 및 펠트 제조업,054-0335-2931,054-335-2932,7
(주)신영,경상북도 영천시 봉동,30320,자동차 차체용 신품 부품 제조업 외 1 종,054-0335-3000,054-0331-1311,64
(주)신영,경상북도 영천시 본촌동,30320,자동차 차체용 신품 부품 제조업 외 1 종,054-0335-3000,054-0335-1311,86
(주)신영,경상북도 영천시 본촌동,30320,자동차 차체용 신품 부품 제조업 외 1 종,054-0335-3000,054-335-1311,113
(주)신영,경상북도 영천시 본촌동,30320,자동차 차체용 신품 부품 제조업 외 1 종,054-0335-3000,,50
대일마블,경상북도 영천시 대창면,22241,운송장비 조립용 플라스틱제품 제조업 외 1 종,054-0335-3197,054-0335-3199,5
(주)세진,경상북도 영천시 화산면,13219,특수 직물 및 기타 직물 직조업 외 2 종,054-0335-3559,054-0335-8594,32
동영산업,경상북도 영천시 채신동,38321,비금속류 해체 및 선별업 외 1 종,054-0335-3933,,3
문성섬유,경상북도 영천시 화산면,13104,연사 및 가공사 제조업,054-0335-4565,054-0335-4565,2
태영산업,경상북도 영천시 대창면,28121,"전기회로 개폐, 보호장치 제조업 외 1 종",054-0335-4744,,10
동민섬유,경상북도 영천시 임고면,13104,연사 및 가공사 제조업,054-0335-4992,054-336-4992,5
필니트,경상북도 영천시 임고면,13104,연사 및 가공사 제조업,054-0335-4992,054-336-4992,5
(주)청아냉동식품,경상북도 영천시 봉동,10602,빵류 제조업 외 9 종,054-0335-6432,054-0335-7852,190
미라보문구공업사,경상북도 영천시 대창면,33920,사무 및 회화용품 제조업,054-0335-8292,054-0335-8293,5
라산섬유,경상북도 영천시 대창면,13104,연사 및 가공사 제조업,054-0335-8345,054-0335-8345,5
영신정미소,경상북도 영천시 화산면,10511,곡물 도정업,054-0335-8800,054-335-8800,1
대명섬유,경상북도 영천시 청통면,13104,연사 및 가공사 제조업,054-0335-8862,054-0335-8840,20
(주)사조대림 영천공장,경상북도 영천시 화산면,10833,장류 제조업 외 2 종,054-0335-8881,054-0335-3113,20
진영레이스,경상북도 영천시 금호읍,13222,자수제품 및 자수용재료 제조업 외 1 종,054-0335-9007,054-0335-9008,13
새양연사,경상북도 영천시 청통면,13109,기타 방적업,054-0335-9208,,4
대도섬유,경상북도 영천시 청통면,13104,연사 및 가공사 제조업,054-0335-9692,054-0335-7022,4
명동산업,경상북도 영천시 청통면,13213,화학섬유직물 직조업,054-0335-9695,054-0335-9694,7
동림섬유,경상북도 영천시 임고면,13104,연사 및 가공사 제조업,054-0335-9698,054-335-9628,7
삼영화섬(주),경상북도 영천시 봉동,20502,재생섬유 제조업 외 1 종,054-0335-9797,054-335-9797,24
(주)정우통상,경상북도 영천시 임고면,13213,화학섬유직물 직조업,054-0336-0059,054-336-1149,9
대신석물,경상북도 영천시 북안면,23919,기타 석제품 제조업,054-0336-0123,,5
(주)태영산업,경상북도 영천시 북안면,29176,액체 여과기 제조업 외 1 종,054-0336-0171,070-4015-4737,6
(주)대한이피씨(제2공장),경상북도 영천시 북안면,24131,주철관 제조업,054-0336-0235,054-0332-9007,23
유성바이오,경상북도 영천시 대창면,10411,동물성 유지 제조업 외 1 종,054-0336-0551,054-336-0553,4
두알산업(주),경상북도 영천시 고경면,25932,일반철물 제조업 외 2 종,054-0336-0600,054-0336-0443,75
동해섬유,경상북도 영천시 대창면,13213,화학섬유직물 직조업,054-0336-0938,054-336-1266,4
동아산업,경상북도 영천시 대창면,25119,기타 구조용 금속제품 제조업,054-0336-0952,054-0336-0953,6
동원산업(주),경상북도 영천시 고경면,20132,"염료, 조제 무기안료, 유연제 및 기타 착색제 제조업",054-0336-0998,054-0336-0996,16
송정산업,경상북도 영천시 고경면,22212,플라스틱 필름 제조업 외 1 종,054-0336-1088,054-0336-1089,7
한국매탈라이징,경상북도 영천시 대창면,29269,"기타 섬유, 의복 및 가죽 가공 기계 제조업",054-0336-1144,054-0336-1143,4
동해산업,경상북도 영천시 금호읍,16299,그 외 기타 나무제품 제조업,054-0336-2096,054-331-2092,6
와이디텍스타일(주),경상북도 영천시 북안면,13213,화학섬유직물 직조업,054-0336-2501,054-0335-3777,46
평산금속,경상북도 영천시 도남동,24191,"도금, 착색 및 기타 표면처리강재 제조업",054-0336-2801,054-0336-2805,38
덕수산업,경상북도 영천시 임고면,20411,일반용 도료 및 관련제품 제조업,054-0336-2865,054-336-2838,7
백산산업(주),경상북도 영천시 대창면,30320,자동차 차체용 신품 부품 제조업 외 1 종,054-0336-2877,054-0336-2879,19
(주)대봉지공,경상북도 영천시 북안면,17909,그 외 기타 종이 및 판지 제품 제조업,054-0336-3321,054-0336-3323,31
소영정경,경상북도 영천시 청통면,13104,연사 및 가공사 제조업,054-0336-3560,,5
(주)에나인더스트리,경상북도 영천시 북안면,30399,그 외 자동차용 신품 부품 제조업 외 3 종,054-0336-3931,054-336-1236,28
영천생약영농조합법인,경상북도 영천시 매산동,10892,차류 가공업 외 6 종,054-0336-3939,054-0336-3941,4
(주)나라산업,경상북도 영천시 대창면,13224,"천막, 텐트 및 유사 제품 제조업 외 1 종",054-0336-4038,054-0336-4037,19
창조테크,경상북도 영천시 고경면,25111,"금속 문, 창, 셔터 및 관련제품 제조업 외 4 종",054-0336-4061,053-255-4043,4
(주)에스에이치케이코리아,경상북도 영천시 북안면,29133,"탭, 밸브 및 유사장치 제조업 외 1 종",054-0336-5547,,45
(주)한샘생활건강,경상북도 영천시 청통면,20422,"치약, 비누 및 기타 세제 제조업 외 1 종",054-0336-5700,054-336-5702,15
지풍영농조합법인,경상북도 영천시 신녕면,20312,복합비료 및 기타 화학비료 제조업 외 1 종,054-0336-6652,054-336-6653,6
덕구섬유,경상북도 영천시 금호읍,13213,화학섬유직물 직조업,054-0336-6789,,18
(주)신대성,경상북도 영천시 임고면,13104,연사 및 가공사 제조업 외 1 종,054-0336-6853,054-0336-6856,17
보성연사,경상북도 영천시 대창면,13104,연사 및 가공사 제조업,054-0336-7052,054-336-5446,7
농업회사법인 소생로컬푸드 주식회사,경상북도 영천시 도남동,10709,기타 식사용 가공처리 조리식품 제조업,054-0336-8680,054-0331-6048,11
상지섬유,경상북도 영천시 임고면,13104,연사 및 가공사 제조업,054-0337-1287,054-0332-1287,5
대아아스콘(주),경상북도 영천시 고경면,23991,아스팔트 콘크리트 및 혼합제품 제조업,054-0337-1448,054-337-0707,7
(주)오성,경상북도 영천시 채신동,25113,육상 금속 골조 구조재 제조업 외 2 종,054-0337-1603,054-0337-1604,5
LG정경,경상북도 영천시 임고면,13104,연사 및 가공사 제조업,054-0337-3077,054-0337-3077,4
부부토기,경상북도 영천시 화남면,23221,가정용 및 장식용 도자기 제조업,054-0337-4804,,1
한창수지,경상북도 영천시 임고면,38321,비금속류 해체 및 선별업 외 1 종,054-0337-5326,054-0331-0810,5
(주)미건테크,경상북도 영천시 고경면,30399,그 외 자동차용 신품 부품 제조업 외 3 종,054-0337-7741,,4
세강기업(주),경상북도 영천시 고경면,25122,금속탱크 및 저장용기 제조업 외 1 종,054-0338-3895,,6
(주)금창,경상북도 영천시 본촌동,30320,자동차 차체용 신품 부품 제조업 외 1 종,054-0338-5000,054-0338-5020,150
(주)경안플랜트,경상북도 영천시 청통면,25113,육상 금속 골조 구조재 제조업 외 1 종,054-0338-5558,054-338-5562,14
(주)삼한알엔텍,경상북도 영천시 채신동,20119,기타 기초 유기화학 물질 제조업 외 1 종,054-0338-5584,054-338-5586,5
(주)서강전력,경상북도 영천시 완산동,28410,전구 및 램프 제조업 외 1 종,054-0338-7989,054-0336-7988,5
(주)비에스이엔씨,경상북도 영천시 북안면,25113,육상 금속 골조 구조재 제조업,054-283-7307,054-337-7308,41
(주)백광비닐,경상북도 영천시 청통면,22212,플라스틱 필름 제조업 외 1 종,054-322-7079,054-332-7078,5
진양특수강(주)2공장,경상북도 영천시 채신동,24122,냉간 압연 및 압출 제품 제조업,054-330-2515,054-0336-3704,38
(주)화신,경상북도 영천시 봉동,30320,자동차 차체용 신품 부품 제조업 외 1 종,054-330-5135,054-0335-0886,173
(주)화신,경상북도 영천시 언하동,30320,자동차 차체용 신품 부품 제조업 외 1 종,054-330-5143,054-331-3252,345
(주)화신정공,경상북도 영천시 도남동,30399,그 외 자동차용 신품 부품 제조업 외 3 종,054-330-8200,054-0338-1969,137
유진정밀(주) ,경상북도 영천시 도남동,30320,자동차 차체용 신품 부품 제조업 외 1 종,054-330-8911,054-335-4985,30
유진정밀(주),경상북도 영천시 임고면,30320,자동차 차체용 신품 부품 제조업 외 1 종,054-330-8915,054-335-4985,85
에스엠 화진 주식회사 (제3공장),경상북도 영천시 도남동,30399,그 외 자동차용 신품 부품 제조업 외 3 종,054-330-9601,054-330-9606,110
에스엠 화진 주식회사 (제5공장),경상북도 영천시 도남동,30399,그 외 자동차용 신품 부품 제조업 외 3 종,054-330-9601,054-330-9606,10
(주)세계주철(제2공장),경상북도 영천시 대창면,25924,절삭가공 및 유사처리업 외 1 종,054-331-0123,054-0331-1175,30
(주)세계주철 영천2공장,경상북도 영천시 대창면,25924,절삭가공 및 유사처리업 외 2 종,054-331-0123,054-331-0123,10
(주)세계주철지점,경상북도 영천시 대창면,24131,주철관 제조업 외 9 종,054-331-0123,054-331-1175,30
(주)풀내음,경상북도 영천시 대창면,10820,"면류, 마카로니 및 유사식품 제조업 외 2 종",054-331-0300,054-336-3383,5
(주)에버그린필드,경상북도 영천시 화남면,22299,그 외 기타 플라스틱 제품 제조업,054-331-0445,053-793-0444,7
(주)키프코,경상북도 영천시 청통면,29242,광물처리 및 취급장비 제조업,054-331-0482,054-331-0480,8
대우산업,경상북도 영천시 청통면,22299,그 외 기타 플라스틱 제품 제조업,054-331-0578,054-336-0578,5
대우양행,경상북도 영천시 청통면,22211,"플라스틱 선, 봉, 관 및 호스 제조업",054-331-0578,054-336-0578,4
대운철강,경상북도 영천시 오미동,25113,육상 금속 골조 구조재 제조업,054-331-0600,054-331-0609,5
(주)디에이치씨,경상북도 영천시 봉동,30399,그 외 자동차용 신품 부품 제조업,054-331-1011,054-331-4111,48
(주)디에이치씨,경상북도 영천시 봉동,22241,운송장비 조립용 플라스틱제품 제조업,054-331-1011,054-331-4111,48
경신장갑,경상북도 영천시 대전동,14419,기타 편조의복 액세서리 제조업,054-331-1252,,10
(주)케이에스글러브,경상북도 영천시 대전동,13999,그 외 기타 분류 안된 섬유제품 제조업,054-331-1256,054-331-1252,30
농업회사법인 김재식헬스푸드(주),경상북도 영천시 대창면,10309,기타 과실채소 가공 및 저장 처리업,054-331-1375,054-331-1376,18
(주)케이피씨뉴매틱,경상북도 영천시 대창면,22211,"플라스틱 선, 봉, 관 및 호스 제조업",054-331-1801,054-333-1802,8
(주)코리아뉴매틱,경상북도 영천시 대창면,22192,산업용 그 외 비경화 고무제품 제조업,054-331-1812,054-331-1814,13
신한일산업(주),경상북도 영천시 북안면,25932,일반철물 제조업 외 1 종,054-331-2136,054-331-2137,10
화북석물,경상북도 영천시 도동,23919,기타 석제품 제조업,054-331-2196,054-337-4462,3
(주)베스타,경상북도 영천시 대창면,29299,그 외 기타 특수목적용 기계 제조업 외 2 종,054-331-2216,054-331-2217,15
명성그리드,경상북도 영천시 북안면,22212,플라스틱 필름 제조업 외 1 종,054-331-2239,054-331-2238,2
(주)다이엑스,경상북도 영천시 북안면,24212,"알루미늄 제련, 정련 및 합금 제조업",054-331-2288,054-337-1887,17
(주)일신화이바,경상북도 영천시 금호읍,22291,플라스틱 접착처리 제품 제조업 외 1 종,054-331-2641,054-331-2640,18
(주)일신화이바,경상북도 영천시 북안면,13910,"카펫, 마루덮개 및 유사제품 제조업",054-331-2641,054-331-2640,2
주식회사 충남목재,경상북도 영천시 북안면,16101,일반 제재업,054-331-2998,054-331-2970,16
(주)진현식품,경상북도 영천시 북안면,10220,수산식물 가공 및 저장 처리업,054-331-3000,054-331-3226,45
경북석재,경상북도 영천시 도동,23919,기타 석제품 제조업,054-331-3280,054-334-7528,3
동진미강,경상북도 영천시 도동,10512,곡물 제분업,054-331-3447,054-338-5265,5
에비수산업(주),경상북도 영천시 금호읍,25929,그 외 기타 금속가공업 외 2 종,054-331-3619,,8
에비수산업(주),경상북도 영천시 금호읍,25113,육상 금속 골조 구조재 제조업 외 3 종,054-331-3619,054-331-8723,15
서호전설(주),경상북도 영천시 화산면 ,28113,에너지 저장장치 제조업 외 7 종,054-331-3912,054-333-8630,12
영광팩,경상북도 영천시 채신동,29191,"용기 세척, 포장 및 충전기 제조업",054-331-3936,054-336-3938,4
(주)명산,경상북도 영천시 임고면,24312,강주물 주조업 외 2 종,054-331-4700,054-338-1136,41
(주)명산 제3공장,경상북도 영천시 임고면,25929,그 외 기타 금속가공업 외 2 종,054-331-4700,054-338-1136,7
(주)명산2공장,경상북도 영천시 임고면,25929,그 외 기타 금속가공업 외 2 종,054-331-4700,054-338-1136,8
원동정밀,경상북도 영천시 임고면,25929,그 외 기타 금속가공업 외 1 종,054-331-4700,054-338-1136,1
대명정밀,경상북도 영천시 북안면,25934,톱 및 호환성 공구 제조업,054-331-4760,054-331-4763,6
(주)산야초로,경상북도 영천시 대전동,21220,한의약품 제조업,054-331-4800,054-331-4804,5
봉천섬유,경상북도 영천시 청통면,13219,특수 직물 및 기타 직물 직조업,054-331-4970,054-331-8165,4
(주)미광코리아,경상북도 영천시 채신동,25113,육상 금속 골조 구조재 제조업 외 1 종,054-331-4997,054-337-0277,7
(주)아이엔에스랜드,경상북도 영천시 청통면,16229,기타 건축용 나무제품 제조업 외 3 종,054-331-5201,054-338-5115,8
(주)경림,경상북도 영천시 금호읍,10511,곡물 도정업 외 1 종,054-331-5246,054-331-5249,0
농업회사법인 조에허브(주)(2공장),경상북도 영천시 청통면,10309,기타 과실채소 가공 및 저장 처리업,054-331-5377,054-331-3733,4
조에허브(주),경상북도 영천시 화산면,10892,차류 가공업,054-331-5377,054-331-3733,4
(주)제일윈도텍스,경상북도 영천시 대창면,13223,커튼 및 유사제품 제조업,054-331-5407,054-331-5410,12
(주)하나기업,경상북도 영천시 완산동,25929,그 외 기타 금속가공업,054-331-5500,054-331-0880,3
(주)하나기업 2공장,경상북도 영천시 완산동,25929,그 외 기타 금속가공업,054-331-5500,054-331-0880,3
(주)유브이월드,경상북도 영천시 고경면,16229,기타 건축용 나무제품 제조업,054-331-5748,054-331-5751,5
(주)피에스코리아,경상북도 영천시 북안면,38321,비금속류 해체 및 선별업 외 1 종,054-331-5780,,6
(주)성호금속,경상북도 영천시 신기동,24311,선철주물 주조업,054-331-5800,054-332-1585,60
아누바이오,경상북도 영천시 야사동,18111,경 인쇄업 외 2 종,054-331-6006,054-331-5335,1
GBT,경상북도 영천시 고경면,25924,절삭가공 및 유사처리업,054-331-6127,054-337-6128,2
농업회사법인 동방제유(주),경상북도 영천시 대전동,10402,식물성 유지 제조업 외 1 종,054-331-6353,054-336-9625,39
동방제유(주),경상북도 영천시 대전동,10412,식물성 유지 제조업 외 1 종,054-331-6353,054-336-9625,17
주식회사 화성,경상북도 영천시 도동,25111,"금속 문, 창, 셔터 및 관련제품 제조업 외 3 종",054-331-6787,054-331-6787,3
주식회사 푸드킹,경상북도 영천시 금호읍,10603,과자류 및 코코아 제품 제조업,054-331-6969,054-331-1313,11
(주)강산,경상북도 영천시 북안면,23325,콘크리트 관 및 기타 구조용 콘크리트 제품 제조업 외 1 종,054-331-7301,054-338-3030,6
(주)세화정유,경상북도 영천시 도남동,19221,윤활유 및 그리스 제조업,054-331-7403,054-335-7400,20
농업회사법인(주)동의보굼,경상북도 영천시 금호읍,10896,건강보조용 액화식품 제조업 외 1 종,054-331-7676,054-331-7677,2
(주)썬폴리폼영천공장,경상북도 영천시 청통면,22251,폴리스티렌 발포 성형제품 제조업,054-331-7708,054-331-7709,0
(주)미래공간,경상북도 영천시 화산면,25999,그 외 기타 분류 안된 금속 가공 제품 제조업 외 2 종,054-331-7857,054-331-7858,5
(주)조은글라스,경상북도 영천시 고경면,23112,안전유리 제조업 외 1 종,054-331-8042,054-338-7951,21
동아테크,경상북도 영천시 본촌동,30399,그 외 자동차용 신품 부품 제조업,054-331-8056,,0
명진포장주식회사,경상북도 영천시 채신동,17222,판지 상자 및 용기 제조업,054-331-8270,054-331-8271,24
(주)풍산금속,경상북도 영천시 대창면,24312,강주물 주조업,054-331-8293,054-331-8293,7
금호산업,경상북도 영천시 채신동,24123,철강선 제조업,054-331-8422,054-331-8420,3
(주)하이테크 창신,경상북도 영천시 금호읍,22211,"플라스틱 선, 봉, 관 및 호스 제조업",054-331-8758,054-334-8757,5
(주)미광,경상북도 영천시 북안면,10901,반려동물용 사료 제조업 외 4 종,054-331-8841,,22
성윤산업(주),경상북도 영천시 오미동,20312,복합비료 및 기타 화학비료 제조업 외 1 종,054-331-8866,054-331-8867,10
씨케이에스산업개발 주식회사,경상북도 영천시 금호읍,25119,기타 구조용 금속제품 제조업,054-331-8868,054-331-8869,5
주식회사 에스제이티앤씨,경상북도 영천시 도남동,25112,구조용 금속 판제품 및 공작물 제조업 외 4 종,054-331-8996,054-331-8997,5
(주)체리푸드,경상북도 영천시 금호읍,10121,가금류 가공 및 저장 처리업 외 19 종,054-331-9171,054-331-9170,95
농업회사법인 (주)하비랑,경상북도 영천시 고경면,10832,천연 및 혼합조제 조미료 제조업 외 1 종,054-331-9280,054-331-9281,3
부흥섬유,경상북도 영천시 청통면,13104,연사 및 가공사 제조업,054-331-9490,054-331-9490,4
세화케미칼,경상북도 영천시 망정동,22231,"플라스틱 포대, 봉투 및 유사제품 제조업",054-331-9702,054-331-9703,7
농업회사법인(주)용계매원,경상북도 영천시 화남면,10833,장류 제조업 외 3 종,054-331-9951,054-331-9955,10
(주)더조은,경상북도 영천시 본촌동,29176,액체 여과기 제조업 외 8 종,054-331-9990,,6
J.K산업,경상북도 영천시 청통면,24131,주철관 제조업,054-331-9994,054-332-9994,10
신청봉영농조합법인,경상북도 영천시 화남면,10129,육류 기타 가공 및 저장처리업 (가금류 제외),054-332-0442,054-332-0443,2
(주)토탈그린,경상북도 영천시 임고면,20312,복합비료 및 기타 화학비료 제조업 외 5 종,054-332-1147,,10
(주)에스피켐텍,경상북도 영천시 금호읍,20129,기타 기초 무기 화학물질 제조업,054-332-1191,054-0332-1197,5
영남파렛트,경상북도 영천시 도남동,16231,목재 깔판류 및 기타 적재판 제조업,054-332-1191,054-332-1197,6
삼녕영농조합법인,경상북도 영천시 신녕면,20312,복합비료 및 기타 화학비료 제조업 외 1 종,054-332-1766,054-333-4043,2
대옹하이텍,경상북도 영천시 대창면,29293,주형 및 금형 제조업,054-332-2014,050-422-2014,7
(주)성진환경건설,경상북도 영천시 고경면,22222,설치용 및 위생용 플라스틱제품 제조업,054-332-2273,054-332-2253,11
(주)태산,경상북도 영천시 신녕면,10513,곡물 혼합분말 및 반죽 제조업 외 2 종,054-332-3003,054-332-3007,36
농업회사법인 (주)태산글로벌,경상북도 영천시 신녕면,10601,떡류 제조업 외 2 종,054-332-3003,054-332-3007,1
(주)플라넷정보통신,경상북도 영천시 대전동,26421,방송장비 제조업,054-332-3345,054-333-5322,2
그린산업,경상북도 영천시 금호읍,25112,구조용 금속 판제품 및 공작물 제조업 외 2 종,054-332-3450,054-332-3451,7
우성연사,경상북도 영천시 대창면,20501,합성섬유 제조업,054-332-3763,054-332-3764,3
형제섬유,경상북도 영천시 신녕면,13213,화학섬유직물 직조업,054-332-4139,054-332-4138,8
종동한과,경상북도 영천시 금호읍,10603,과자류 및 코코아 제품 제조업,054-332-4282,054-332-4282,9
바이오소재산업,경상북도 영천시 북안면,30399,그 외 자동차용 신품 부품 제조업 외 9 종,054-332-4338,054-332-4339,7
오성케미칼(주),경상북도 영천시 금호읍,20411,일반용 도료 및 관련제품 제조업,054-332-5568,054-332-5569,5
태광정밀기계,경상북도 영천시 채신동,31114,선박 구성 부분품 제조업,054-332-5645,054-332-5644,9
태광하이텍,경상북도 영천시 채신동,31114,선박 구성 부분품 제조업 외 2 종,054-332-5645,054-332-5644,7
(주)엘에스이피에스,경상북도 영천시 도남동,22251,폴리스티렌 발포 성형제품 제조업,054-332-6377,054-332-6380,11
(주)데쉬,경상북도 영천시 화산면,25913,자동차용 금속 압형제품 제조업,054-332-6800,054-332-6801,7
(주)영흥산업,경상북도 영천시 금노동,23325,콘크리트 관 및 기타 구조용 콘크리트 제품 제조업 외 1 종,054-332-7088,053-917-7712,10
영천석물,경상북도 영천시 도동,23919,기타 석제품 제조업,054-332-7306,,3
동부산업,경상북도 영천시 채신동,22231,"플라스틱 포대, 봉투 및 유사제품 제조업 외 1 종",054-332-7385,054-334-3143,5
(주)엠제이비전테크 영천지점,경상북도 영천시 도남동,23999,그 외 기타 분류 안된 비금속 광물제품 제조업 외 3 종,054-332-7507,054-332-7508,5
보구자동화,경상북도 영천시 청통면,29210,농업 및 임업용 기계 제조업 외 1 종,054-332-7750,054-332-7752,9
YM텍스,경상북도 영천시 대창면,13104,연사 및 가공사 제조업,054-332-7834,054-332-7835,8
(주)화진그린텍,경상북도 영천시 대창면,25944,금속선 가공제품 제조업 외 1 종,054-332-7878,054-332-8866,10
태창제약(주),경상북도 영천시 완산동,10897,건강기능식품 제조업,054-332-8482,054-332-8480,10
정수테크,경상북도 영천시 대창면,25924,절삭가공 및 유사처리업,054-332-8610,054-337-8610,7
주식회사 스틸앤정수,경상북도 영천시 대창면,25924,절삭가공 및 유사처리업,054-332-8610,054-337-8610,8
(주)대화,경상북도 영천시 대창면,30399,그 외 자동차용 신품 부품 제조업 외 3 종,054-332-8634,054-332-1442,25
동우당제약(주),경상북도 영천시 임고면,10897,건강기능식품 제조업 외 3 종,054-332-8855,054-332-8850,7
주식회사 명인산업,경상북도 영천시 임고면,30399,그 외 자동차용 신품 부품 제조업 외 3 종,054-332-9023,054-332-9025,13
온누리축산 주식회사,경상북도 영천시 도남동,10122,육류 포장육 및 냉동육 가공업 (가금류 제외),054-332-9200,054-332-9201,6
세진산업(주),경상북도 영천시 신녕면,17221,종이 포대 및 가방 제조업,054-332-9426,054-332-9426,3
주식회사 금돈바이오,경상북도 영천시 대창면,29171,산업용 냉장 및 냉동 장비 제조업 외 3 종,054-332-9683,054-331-9687,16
(주)한남 제1공장,경상북도 영천시 망정동,13300,편조원단 제조업,054-332-9700,054-332-9701,12
신한화섬(주),경상북도 영천시 망정동,13213,화학섬유직물 직조업 외 1 종,054-333-0661,054-333-0664,83
오성섬유,경상북도 영천시 망정동,13104,연사 및 가공사 제조업,054-333-0669,054-333-6637,7
태영이엔지,경상북도 영천시 채신동,25999,그 외 기타 분류 안된 금속 가공 제품 제조업,054-333-0882,054-333-0382,6
태근산업,경상북도 영천시 대창면,25112,구조용 금속 판제품 및 공작물 제조업,054-333-1002,054-333-1006,3
드림산업(주),경상북도 영천시 청통면,17221,종이 포대 및 가방 제조업,054-333-1302,,4
(주)삼성조경,경상북도 영천시 화남면,16229,기타 건축용 나무제품 제조업 외 5 종,054-333-1401,054-333-1403,15
정우오토텍(주),경상북도 영천시 대창면,30320,자동차 차체용 신품 부품 제조업,054-333-1500,054-333-1505,4
정우하이텍 주식회사,경상북도 영천시 대창면,30399,그 외 자동차용 신품 부품 제조업 외 3 종,054-333-1500,054-333-1505,10
(주)우성케미칼,경상북도 영천시 북안면,20203,혼성 및 재생 플라스틱 소재 물질 제조업,054-333-1767,054-331-5367,65
(주)우성케미칼 제3공장,경상북도 영천시 북안면,20203,혼성 및 재생 플라스틱 소재 물질 제조업 외 2 종,054-333-1767,054-331-5367,23
(주)우성케미칼(제2공장),경상북도 영천시 대창면,20203,혼성 및 재생 플라스틱 소재 물질 제조업,054-333-1767,054-331-5367,41
영천축산업협동조합 경제사업장 간이지점,경상북도 영천시 오미동,10901,반려동물용 사료 제조업 외 2 종,054-333-1801,054-334-9749,10
영천축산업협동조합 경제사업장 간이지점(2공장),경상북도 영천시 오미동,10901,반려동물용 사료 제조업 외 2 종,054-333-1801,054-334-9749,5
(주)우진농업회사법인 제1공장,경상북도 영천시 대전동,10309,기타 과실채소 가공 및 저장 처리업,054-333-1877,054-333-3531,10
(주)옴니허브,경상북도 영천시 임고면,10892,차류 가공업 외 1 종,054-333-1911,,8
(주)세원푸드,경상북도 영천시 임고면,10832,천연 및 혼합조제 조미료 제조업 외 1 종,054-333-1955,054-333-1599,8
(주)아이씨티원,경상북도 영천시 완산동,26310,컴퓨터 제조업 외 2 종,054-333-1984,054-333-1986,4
(주)동진산업,경상북도 영천시 오수동,30399,그 외 자동차용 신품 부품 제조업,054-333-1990,054-332-1990,10
(주)효정,경상북도 영천시 채신동,13219,특수 직물 및 기타 직물 직조업 외 2 종,054-333-2335,054-331-2334,3
천복정공,경상북도 영천시 금호읍,25924,절삭가공 및 유사처리업,054-333-2363,054-333-2364,6
에이스스페이스,경상북도 영천시 금호읍,25932,일반철물 제조업,054-333-3042,054-333-2967,5
성하물류,경상북도 영천시 청통면,25119,기타 구조용 금속제품 제조업,054-333-3056,,8
삼일영농조합법인,경상북도 영천시 화남면,10309,기타 과실채소 가공 및 저장 처리업,054-333-3136,054-335-3136,5
(주)오엠시스템,경상북도 영천시 대창면,32021,주방용 및 음식점용 목재가구 제조업 외 1 종,054-333-3332,054-330-3320,8
조양곡물(주),경상북도 영천시 언하동,10511,곡물 도정업,054-333-3725,054-334-8177,6
(주)대풍,경상북도 영천시 고경면,22222,설치용 및 위생용 플라스틱제품 제조업,054-333-3989,054-333-3987,11
(주)대일피앤에스,경상북도 영천시 대창면,17223,식품 위생용 종이 상자 및 용기 제조업,054-333-4600,054-338-7767,15
세왕금속공업(주),경상북도 영천시 야사동,25991,금속 캔 및 기타 포장용기 제조업,054-333-4781,054-333-4784,118
(주)진흥,경상북도 영천시 금노동,16101,일반 제재업,054-333-5000,054-334-5050,5
영남석물,경상북도 영천시 도동,23919,기타 석제품 제조업,054-333-5003,,1
버섯마을,경상북도 영천시 대전동,10832,천연 및 혼합조제 조미료 제조업 외 1 종,054-333-5361,0504-478-8213,5
동일금속(주)제3공장,경상북도 영천시 금호읍,29241,건설 및 채광용 기계장비 제조업,054-333-5501,,18
동일금속(주),경상북도 영천시 금호읍,24112,제강업 외 5 종,054-333-5501,054-336-1979,70
동일금속(주)오계공장,경상북도 영천시 금호읍,25924,절삭가공 및 유사처리업,054-333-5501,,30
(주)삼정공업,경상북도 영천시 도남동,25113,육상 금속 골조 구조재 제조업 외 5 종,054-333-5511,054-333-5512,10
(주)그린월드,경상북도 영천시 도남동,20129,기타 기초 무기 화학물질 제조업,054-333-5933,054-333-5931,10
태경산업,경상북도 영천시 금호읍,13219,특수 직물 및 기타 직물 직조업,054-333-6223,054-335-6223,8
(주)퓨어마인드컴퍼니,경상북도 영천시 완산동,10896,건강보조용 액화식품 제조업,054-333-6550,054-337-3636,6
영일공업사,경상북도 영천시 성내동,29131,액체 펌프 제조업,054-333-6718,054-0333-1818,3
효성화학,경상북도 영천시 오미동,22212,플라스틱 필름 제조업 외 1 종,054-333-7110,0504-033-5789,6
(주)정우산업,경상북도 영천시 도남동,29241,건설 및 채광용 기계장비 제조업,054-333-7201,054-333-7204,16
건창산업(주),경상북도 영천시 도남동,29241,건설 및 채광용 기계장비 제조업,054-333-7201,054-333-7204,4
금하공업(주),경상북도 영천시 금호읍,13992,부직포 및 펠트 제조업 외 4 종,054-333-7350,054-333-7351,0
대운,경상북도 영천시 금호읍,22299,그 외 기타 플라스틱 제품 제조업,054-333-7350,054-333-7351,4
혜성(주)영천지점,경상북도 영천시 망정동,13104,연사 및 가공사 제조업,054-333-7661,,20
혜성(주)영천지점,경상북도 영천시 망정동,13213,화학섬유직물 직조업,054-333-7661,054-333-7662,20
(주)한국기계,경상북도 영천시 청통면,29210,농업 및 임업용 기계 제조업,054-333-7806,054-332-7806,7
한국기계,경상북도 영천시 청통면,29210,농업 및 임업용 기계 제조업,054-333-7806,054-332-7806,1
대한정공,경상북도 영천시 임고면,29293,주형 및 금형 제조업,054-333-7994,054-333-7995,3
(주)디저트 키친 영천제1공장,경상북도 영천시 대창면,10412,식물성 유지 제조업,054-333-8033,054-333-8034,5
보현산청정약초영농조합법인,경상북도 영천시 임고면,10892,차류 가공업,054-333-8083,054-332-8084,5
(주)한영전기판금엔지니어링,경상북도 영천시 청통면,25112,구조용 금속 판제품 및 공작물 제조업,054-333-8198,054-333-8199,6
파이토지노믹스(주),경상북도 영천시 금호읍,21220,한의약품 제조업,054-333-8383,054-333-8382,7
황금석재,경상북도 영천시 도동,23911,건설용 석제품 제조업 외 1 종,054-333-8564,054-338-8901,2
세진테크,경상북도 영천시 청통면,25111,"금속 문, 창, 셔터 및 관련제품 제조업 외 3 종",054-333-8654,054-336-8654,2
동광석재·석물,경상북도 영천시 도동,23911,건설용 석제품 제조업,054-333-8675,054-333-8677,2
(주)지원에스아이,경상북도 영천시 작산동,29241,건설 및 채광용 기계장비 제조업,054-333-8800,054-332-8805,21
은광인더스트리,경상북도 영천시 금호읍,30310,자동차 엔진용 신품 부품 제조업 외 1 종,054-333-8801,054-333-8802,18
포스에코(주),경상북도 영천시 화산면,25113,육상 금속 골조 구조재 제조업 외 2 종,054-333-8883,054-333-8882,0
(주)세일,경상북도 영천시 북안면,13104,연사 및 가공사 제조업,054-333-9672,054-333-0264,11
주식회사 대정철강,경상북도 영천시 화산면,24132,강관 제조업,054-333-9700,054-333-9701,5
성일산업,경상북도 영천시 금호읍,22299,그 외 기타 플라스틱 제품 제조업 외 2 종,054-333-9931,054-333-4642,15
농업회사법인(주)코리아식품,경상북도 영천시 고경면,10129,육류 기타 가공 및 저장처리업 (가금류 제외) 외 1 종,054-333-9960,054-333-9961,14
한국열연(주),경상북도 영천시 화산면,28119,기타 전기 변환장치 제조업 외 1 종,054-333-9991,054-0334-6821,31
주식회사대경오앤티,경상북도 영천시 금호읍,10411,동물성 유지 제조업 외 1 종,054-334-0100,054-338-0300,16
세운섬유공업사,경상북도 영천시 녹전동,13219,특수 직물 및 기타 직물 직조업,054-334-0166,054-335-0168,9
정현테크,경상북도 영천시 금호읍,30320,자동차 차체용 신품 부품 제조업,054-334-1501,054-338-1502,5
월드허브(주),경상북도 영천시 화산면,21220,한의약품 제조업,054-334-1715,054-334-1725,4
주식회사 성강,경상북도 영천시 금호읍,29293,주형 및 금형 제조업,054-334-1749,054-334-1748,0
주식회사 에이치씨동부레미콘,경상북도 영천시 금호읍,23322,레미콘 제조업,054-334-1901,054-0334-8542,11
영흥분무기,경상북도 영천시 성내동,29210,농업 및 임업용 기계 제조업,054-334-2488,054-0334-3209,9
동서산업가스,경상북도 영천시 도남동,20121,수소 제조업 외 1 종,054-334-2600,054-334-2601,14
영천양잠농업협동조합,경상북도 영천시 고경면,10896,건강보조용 액화식품 제조업 외 3 종,054-334-2971,054-333-8673,10
(주)은하정공,경상북도 영천시 오미동,22241,운송장비 조립용 플라스틱제품 제조업 외 3 종,054-334-3039,054-334-3037,20
(주)티앤비,경상북도 영천시 대창면,16229,기타 건축용 나무제품 제조업 외 1 종,054-334-3336,054-334-7336,10
풍천산업사,경상북도 영천시 금호읍,38322,비금속류 원료 재생업,054-334-3876,054-335-4640,15
(주)유제이 테크,경상북도 영천시 청통면,29142,기어 및 동력전달장치 제조업 외 3 종,054-334-4005,054-334-4009,8
(주)큰바위콘크리트,경상북도 영천시 고경면,23324,"콘크리트 타일, 기와, 벽돌 및 블록 제조업 외 1 종",054-334-4054,054-338-8123,27
농업회사법인(주)시루와방아,경상북도 영천시 임고면,10601,떡류 제조업 외 2 종,054-334-4300,054-333-5563,9
우성석재,경상북도 영천시 북안면,23919,기타 석제품 제조업,054-334-4503,054-336-4503,5
우성석재(제2공장),경상북도 영천시 북안면,23911,건설용 석제품 제조업 외 1 종,054-334-4503,054-336-4503,5
(주)세웅,경상북도 영천시 금호읍,25943,금속 스프링 제조업 외 4 종,054-334-4761,054-334-5290,10
(주)세은산업,경상북도 영천시 오미동,20202,합성수지 및 기타 플라스틱 물질 제조업 외 1 종,054-334-7088,054-332-7088,1
한국양계축산업협동조합 영천유통센터,경상북도 영천시 매산동,10899,그 외 기타 식료품 제조업,054-334-7401,054-336-0253,21
대왕전기공사,경상북도 영천시 매산동,26429,기타 무선 통신장비 제조업 외 3 종,054-334-7545,054-334-7546,2
창성섬유,경상북도 영천시 망정동,13229,기타 직물제품 제조업,054-334-8296,054-334-8297,4
(주)배터리솔루션즈,경상북도 영천시 금호읍,24213,"연 및 아연 제련, 정련 및 합금 제조업",054-334-8383,054-334-8399,80
(주)정농폴리머,경상북도 영천시 대창면,22212,플라스틱 필름 제조업,054-334-8855,,4
(주)자연수,경상북도 영천시 임고면,20422,"치약, 비누 및 기타 세제 제조업 외 2 종",054-334-8881,054-336-0091,6
(주)창언이엔지,경상북도 영천시 청통면,29163,컨베이어장치 제조업 외 2 종,054-334-9000,054-334-9060,9
(주)극동,경상북도 영천시 도남동,25113,육상 금속 골조 구조재 제조업 외 3 종,054-334-9192,053-581-4251,25
(주)극동,경상북도 영천시 도남동,25112,구조용 금속 판제품 및 공작물 제조업 외 5 종,054-334-9192,054-334-9195,5
(주)극동,경상북도 영천시 금호읍,25122,금속탱크 및 저장용기 제조업 외 5 종,054-334-9192,054-334-9195,5
영재시스템,경상북도 영천시 임고면,29172,가정용 및 산업용 공기 조화장치 제조업 외 3 종,054-334-9393,054-334-9392,5
부산수지,경상북도 영천시 오수동,38321,비금속류 해체 및 선별업 외 1 종,054-334-9652,054-334-9652,4
(주)디에스피씨알 영천2공장,경상북도 영천시 금호읍,20203,혼성 및 재생 플라스틱 소재 물질 제조업,054-335-0044,054-335-0292,10
(주)디에스피씨알 영천공장,경상북도 영천시 금호읍,20203,혼성 및 재생 플라스틱 소재 물질 제조업,054-335-0044,054-335-0292,38
대진케미칼,경상북도 영천시 신기동,20203,혼성 및 재생 플라스틱 소재 물질 제조업,054-335-0093,054-335-1578,5
(주)영인티앤씨,경상북도 영천시 청통면,30399,그 외 자동차용 신품 부품 제조업,054-335-0185,054-335-0184,3
(주)에이치디바이오텍,경상북도 영천시 북안면,23993,비금속광물 분쇄물 생산업,054-335-0270,054-335-0271,5
(주)티케이텍,경상북도 영천시 청통면,22211,"플라스틱 선, 봉, 관 및 호스 제조업",054-335-0318,054-335-2757,6
(주)금강,경상북도 영천시 북안면,30399,그 외 자동차용 신품 부품 제조업 외 3 종,054-335-0666,054-331-3391,15
(주)금강,경상북도 영천시 임고면,30310,자동차 엔진용 신품 부품 제조업 외 1 종,054-335-0666,054-337-8168,10
진풍산업(주),경상북도 영천시 도남동,24123,철강선 제조업,054-335-0700,054-335-0680,0
(주)월광금속,경상북도 영천시 대창면,24321,알루미늄주물 주조업,054-335-0707,054-335-5200,17
동도엔지니어링,경상북도 영천시 청통면,25924,절삭가공 및 유사처리업,054-335-0734,,6
우일스틸,경상북도 영천시 대창면,24132,강관 제조업,054-335-0904,054-331-1667,1
(주)디앤케이,경상북도 영천시 봉동,20422,"치약, 비누 및 기타 세제 제조업",054-335-0965,054-333-1254,8
농업회사법인 한조주식회사,경상북도 영천시 도림동,10309,기타 과실채소 가공 및 저장 처리업,054-335-1085,054-335-2044,10
신명,경상북도 영천시 청통면,17211,골판지 제조업 외 1 종,054-335-1226,054-335-1227,7
동화산업,경상북도 영천시 화산면,13104,연사 및 가공사 제조업 외 1 종,054-335-1395,054-335-1397,32
주식회사 제이더블유,경상북도 영천시 금호읍,30331,자동차용 신품 동력전달장치 제조업,054-335-1501,054-338-1501,5
평산실업,경상북도 영천시 화산면,13104,연사 및 가공사 제조업,054-335-1505,054-335-1504,14
(주)월성조경토,경상북도 영천시 임고면,20312,복합비료 및 기타 화학비료 제조업 외 1 종,054-335-1824,054-336-1824,11
(주)코람,경상북도 영천시 도남동,25941,볼트 및 너트류 제조업 외 2 종,054-335-1881,054-336-7488,19
(주)영남볼트,경상북도 영천시 봉동,25912,금속 단조제품 제조업 외 6 종,054-335-2008,0505-300-5005,8
(주)미도정보기술,경상북도 영천시 임고면,26410,유선 통신장비 제조업 외 6 종,054-335-2028,053-422-0748,4
(주)대영공업,경상북도 영천시 대창면,30399,그 외 자동차용 신품 부품 제조업 외 3 종,054-335-2555,054-336-0985,20
주식회사 영천브레인,경상북도 영천시 청통면,29210,농업 및 임업용 기계 제조업,054-335-2658,,5
(주)신영,경상북도 영천시 도남동,30320,자동차 차체용 신품 부품 제조업 외 1 종,054-335-3000,054-336-4004,60
동보씨엔에스,경상북도 영천시 청통면,13213,화학섬유직물 직조업,054-335-3101,054-338-3101,8
(주)건우환경,경상북도 영천시 녹전동,16300,코르크 및 조물제품 제조업,054-335-3131,054-764-1451,5
주식회사 케이카라반,경상북도 영천시 북안면,30203,트레일러 및 세미트레일러 제조업,054-335-3160,054-338-3160,6
우정테크,경상북도 영천시 고경면,22213,플라스틱 시트 및 판 제조업,054-335-3223,054-335-3993,5
(주)한결테크닉스,경상북도 영천시 완산동,25929,그 외 기타 금속가공업 외 4 종,054-335-3327,0303-3139-3839,5
주식회사 지승,경상북도 영천시 북안면,16102,표면 가공 목재 및 특정 목적용 제재목 제조업,054-335-3388,054-335-3387,4
주식회사 에스피그린폴,경상북도 영천시 금호읍,22251,폴리스티렌 발포 성형제품 제조업 외 1 종,054-335-3400,054-335-3401,7
대동산업,경상북도 영천시 대창면,22251,폴리스티렌 발포 성형제품 제조업 외 1 종,054-335-3452,054-335-1080,4
진양특수강(주),경상북도 영천시 채신동,24121,열간 압연 및 압출 제품 제조업 외 1 종,054-335-3500,054-335-0355,190
(주)이화이엔지,경상북도 영천시 금호읍,30399,그 외 자동차용 신품 부품 제조업 외 3 종,054-335-3540,054-335-3541,12
용라이트,경상북도 영천시 금호읍,28422,일반용 전기 조명장치 제조업,054-335-3557,054-335-3558,3
(주)대광축산,경상북도 영천시 대창면,29210,농업 및 임업용 기계 제조업,054-335-3667,054-335-3668,4
(주)애니쿡,경상북도 영천시 대창면,25992,수동식 식품 가공기기 및 금속 주방용기 제조업,054-335-3810,054-335-3811,10
장애인편의증진경북협의회,경상북도 영천시 금호읍,25112,구조용 금속 판제품 및 공작물 제조업 외 3 종,054-335-4065,054-336-3137,3
벽산창호도아,경상북도 영천시 대창면,25111,"금속 문, 창, 셔터 및 관련제품 제조업",054-335-4140,,1
(주)바스플렉스,경상북도 영천시 금호읍,27199,그 외 기타 의료용 기기 제조업,054-335-4246,054-335-4247,29
(주)진일산업,경상북도 영천시 대창면,16211,"박판, 합판 및 유사 적층판 제조업",054-335-4266,053-643-3370,6
(주)신흥,경상북도 영천시 금호읍,13213,화학섬유직물 직조업,054-335-4352,,9
(주)엔에스비,경상북도 영천시 금노동,20312,복합비료 및 기타 화학비료 제조업,054-335-4525,054-335-4524,3
대하F.R.P.산업,경상북도 영천시 임고면,22222,설치용 및 위생용 플라스틱제품 제조업,054-335-4818,054-338-4818,3
(주)비더블유지티,경상북도 영천시 도남동,25991,금속 캔 및 기타 포장용기 제조업,054-335-4882,054-335-4883,20
최강기계공업,경상북도 영천시 작산동,24119,기타 제철 및 제강업 외 6 종,054-335-4884,054-335-4883,12
(주)동양엠티 (지점),경상북도 영천시 북안면,29223,금속 절삭기계 제조업,054-335-5387,054-336-5387,5
(주)씨에스엘,경상북도 영천시 임고면,22221,벽 및 바닥 피복용 플라스틱제품 제조업,054-335-5677,053-566-9702,5
동양종합기계,경상북도 영천시 화산면,29210,농업 및 임업용 기계 제조업,054-335-5771,,2
(주)에스유엔,경상북도 영천시 청통면,30399,그 외 자동차용 신품 부품 제조업 외 1 종,054-335-5882,054-335-5889,22
(주)에스유엔 2공장,경상북도 영천시 청통면,30399,그 외 자동차용 신품 부품 제조업 외 1 종,054-335-5882,054-335-5889,5
주식회사 한백건설,경상북도 영천시 청통면,22223,플라스틱 창호 제조업,054-335-6205,054-335-6203,5
주식회사 한백글라스,경상북도 영천시 청통면,23119,기타 판유리 가공품 제조업,054-335-6205,054-335-6203,9
(주)한백창호,경상북도 영천시 청통면,22223,플라스틱 창호 제조업,054-335-6216,054-335-6214,28
주식회사 디엠아이2공장,경상북도 영천시 금호읍,20203,혼성 및 재생 플라스틱 소재 물질 제조업,054-335-6245,054-336-6245,8
중앙교재,경상북도 영천시 채신동,33209,기타 악기 및 전자 악기 제조업,054-335-6322,054-335-6323,7
(주)호정산업,경상북도 영천시 채신동,13992,부직포 및 펠트 제조업 외 1 종,054-335-6466,054-335-6467,6
(주)동일,경상북도 영천시 대창면,13103,화학섬유 방적업,054-335-6591,054-335-6592,7
(주)화산,경상북도 영천시 본촌동,25122,금속탱크 및 저장용기 제조업 외 2 종,054-335-6666,054-335-6683,37
부영연사,경상북도 영천시 청통면,13104,연사 및 가공사 제조업,054-335-6711,,4
대호산업,경상북도 영천시 대창면,29269,"기타 섬유, 의복 및 가죽 가공 기계 제조업",054-335-6722,054-335-6422,6
대호산업,경상북도 영천시 대창면,20493,접착제 및 젤라틴 제조업,054-335-6722,054-335-6422,3
(주)제이.엔.피,경상북도 영천시 대창면,13219,특수 직물 및 기타 직물 직조업 외 2 종,054-335-6856,054-335-6858,19
(주)제이앤피제2공장,경상북도 영천시 대창면,13219,특수 직물 및 기타 직물 직조업 외 2 종,054-335-6856,054-335-6858,10
리테크엔지니어링,경상북도 영천시 화산면,27213,"물질 검사, 측정 및 분석기구 제조업 외 4 종",054-335-7181,,3
(주)세운아이엔티,경상북도 영천시 대창면,23129,기타 산업용 유리제품 제조업 외 5 종,054-335-7200,054-335-7207,10
유창산업,경상북도 영천시 대창면,25113,육상 금속 골조 구조재 제조업,054-335-7791,054-335-7792,7
라온텍,경상북도 영천시 금호읍,20493,접착제 및 젤라틴 제조업,054-335-7796,054-335-7797,1
대양산업,경상북도 영천시 대창면,20203,혼성 및 재생 플라스틱 소재 물질 제조업,054-335-7797,,10
삼양연마공업(주),경상북도 영천시 봉동,23992,연마재 제조업,054-335-7840,054-335-4517,65
삼양연마공업(주)분공장,경상북도 영천시 본촌동,23992,연마재 제조업,054-335-7840,054-335-7842,62
하명영농조합법인,경상북도 영천시 녹전동,10892,차류 가공업 외 1 종,054-335-7887,054-335-7888,4
(주)태성포장,경상북도 영천시 고경면,17212,골판지 상자 및 가공제품 제조업,054-335-8012,054-335-8095,6
삼형정밀,경상북도 영천시 도남동,25924,절삭가공 및 유사처리업,054-335-8398,054-336-8398,4
(주)화인케미칼,경상북도 영천시 화산면,22212,플라스틱 필름 제조업,054-335-8428,054-336-1339,8
(주)신하화학,경상북도 영천시 고경면,20203,혼성 및 재생 플라스틱 소재 물질 제조업,054-335-8716,054-335-8716,9
농업회사법인(주)어니스트파머,경상북도 영천시 청통면,10892,차류 가공업 외 1 종,054-335-8732,054-336-8734,8
농업회사법인(주)어니스트파머,경상북도 영천시 청통면,10519,기타 곡물 가공품 제조업,054-335-8732,054-336-8734,10
노천도예공방,경상북도 영천시 신녕면,23221,가정용 및 장식용 도자기 제조업,054-335-8918,,5
경동섬유,경상북도 영천시 금호읍,13104,연사 및 가공사 제조업,054-335-8923,054-335-8924,3
대원스치로폴,경상북도 영천시 대창면,22251,폴리스티렌 발포 성형제품 제조업,054-335-9000,054-335-9005,5
(주)대산테크,경상북도 영천시 고경면,25112,구조용 금속 판제품 및 공작물 제조업,054-335-9012,054-335-9103,5
조원산업2공장,경상북도 영천시 금호읍,13219,특수 직물 및 기타 직물 직조업,054-335-9105,054-335-9106,7
(주)대아에스엔에스,경상북도 영천시 신녕면,20203,혼성 및 재생 플라스틱 소재 물질 제조업 외 1 종,054-335-9395,054-335-9396,5
(주)부강산업,경상북도 영천시 녹전동,30399,그 외 자동차용 신품 부품 제조업 외 3 종,054-335-9397,054-333-9778,25
에스엠 화진 주식회사 (제6공장),경상북도 영천시 도남동,30399,그 외 자동차용 신품 부품 제조업 외 3 종,054-335-9655,054-330-9606,10
(주)도투락,경상북도 영천시 화산면,11209,기타 비알코올 음료 제조업,054-335-9811,054-335-9819,5
(주)씨앤디,경상북도 영천시 화산면,11209,기타 비알코올 음료 제조업,054-335-9811,054-335-9819,13
셀베이바이오,경상북도 영천시 화산면,11209,기타 비알코올 음료 제조업,054-335-9811,054-335-9819,8
(주)비케이엠솔,경상북도 영천시 본촌동,24312,강주물 주조업 외 3 종,054-335-9999,054-335-9919,32
(주)뉴라이프,경상북도 영천시 북안면,22299,그 외 기타 플라스틱 제품 제조업,054-336-0001,054-336-0385,22
종합맨홀스틸산업,경상북도 영천시 화산면,24311,선철주물 주조업,054-336-0022,054-336-0076,19
(주)대호,경상북도 영천시 대창면,32029,기타 목재가구 제조업,054-336-0047,,3
제이더블유텍스,경상북도 영천시 임고면,13104,연사 및 가공사 제조업,054-336-0059,054-336-1159,3
(재)경북자동차임베디드연구원,경상북도 영천시 도남동,20203,혼성 및 재생 플라스틱 소재 물질 제조업,054-336-0060,054-336-9732,7
(주)삼안콘크리트,경상북도 영천시 신녕면,23325,콘크리트 관 및 기타 구조용 콘크리트 제품 제조업 외 1 종,054-336-0088,054-0336-0309,49
일신산업,경상북도 영천시 대창면,22251,폴리스티렌 발포 성형제품 제조업 외 1 종,054-336-0111,,3
(주)건우금속,경상북도 영천시 채신동,25912,금속 단조제품 제조업,054-336-0117,054-335-4589,47
성림기계공업사,경상북도 영천시 청통면,29299,그 외 기타 특수목적용 기계 제조업 외 1 종,054-336-0127,054-336-0126,4
(주)루소,경상북도 영천시 금호읍,20203,혼성 및 재생 플라스틱 소재 물질 제조업,054-336-0209,054-337-0209,7
(주)대한이피씨,경상북도 영천시 북안면,29133,"탭, 밸브 및 유사장치 제조업",054-336-0235,054-332-9007,22
(주)제이엘,경상북도 영천시 신기동,20203,혼성 및 재생 플라스틱 소재 물질 제조업,054-336-0312,054-337-0312,9
이강라이팅,경상북도 영천시 대창면,28422,일반용 전기 조명장치 제조업 외 5 종,054-336-0315,054-337-0316,5
천일수지,경상북도 영천시 청통면,38321,비금속류 해체 및 선별업 외 1 종,054-336-0317,,4
(주)동은,경상북도 영천시 금호읍,22212,플라스틱 필름 제조업 외 1 종,054-336-0336,054-336-0335,14
농업회사법인주식회사 제영,경상북도 영천시 고경면,10833,장류 제조업 외 2 종,054-336-0401,054-337-0401,2
(주)거성피엔피,경상북도 영천시 청통면,22212,플라스틱 필름 제조업 외 1 종,054-336-0479,054-336-0480,18
기하섬유,경상북도 영천시 금호읍,13213,화학섬유직물 직조업,054-336-0524,,4
영진산업,경상북도 영천시 청통면,13104,연사 및 가공사 제조업,054-336-0558,054-336-0510,5
(주)은창,경상북도 영천시 고경면,22231,"플라스틱 포대, 봉투 및 유사제품 제조업",054-336-0631,054-336-0635,46
청운물산(주),경상북도 영천시 오수동,10309,기타 과실채소 가공 및 저장 처리업,054-336-0881,054-338-4988,10
(주)천수테크,경상북도 영천시 채신동,30399,그 외 자동차용 신품 부품 제조업 외 3 종,054-336-0889,054-336-0838,60
영풍축산영농조합법인,경상북도 영천시 도남동,10129,육류 기타 가공 및 저장처리업 (가금류 제외) 외 1 종,054-336-0891,054-336-0893,20
에스아이이(주),경상북도 영천시 도남동,30399,그 외 자동차용 신품 부품 제조업 외 13 종,054-336-0900,054-336-0090,23
제이엠에스 주식회사,경상북도 영천시 북안면,22299,그 외 기타 플라스틱 제품 제조업,054-336-0906,054-336-0907,4
(주)삼안레미콘,경상북도 영천시 신녕면,23322,레미콘 제조업,054-336-0920,054-336-0930,13
(주)전문열처리,경상북도 영천시 고경면 동,25921,금속 열처리업,054-336-1072,054-338-1072,15
(주)윔스,경상북도 영천시 망정동,29269,"기타 섬유, 의복 및 가죽 가공 기계 제조업",054-336-1113,054-336-1171,4
농업회사법인(주)동서웰빙,경상북도 영천시 본촌동,10897,건강기능식품 제조업 외 1 종,054-336-1212,054-0336-1214,24
농업회사법인(주)동서웰빙 도동공장,경상북도 영천시 도동,10897,건강기능식품 제조업 외 1 종,054-336-1212,054-336-1214,18
대남,경상북도 영천시 대창면,17909,그 외 기타 종이 및 판지 제품 제조업,054-336-1261,054-336-1263,14
㈜엠에이치테크윈,경상북도 영천시 도동,30310,자동차 엔진용 신품 부품 제조업 외 1 종,054-336-1278,054-336-1279,15
한도기계,경상북도 영천시 서산동,29292,인쇄 및 제책용 기계 제조업 외 1 종,054-336-1451,054-336-1451,3
마이텍스,경상북도 영천시 청통면,13104,연사 및 가공사 제조업,054-336-1468,054-337-1468,10
(주)신원금속,경상북도 영천시 청통면,24222,"알루미늄 압연, 압출 및 연신제품 제조업",054-336-1472,054-336-1473,21
주식회사 태봉,경상북도 영천시 청통면,25999,그 외 기타 분류 안된 금속 가공 제품 제조업,054-336-1498,054-335-4199,2
대승개발,경상북도 영천시 금호읍,25113,육상 금속 골조 구조재 제조업,054-336-1525,054-337-1525,10
성림창호,경상북도 영천시 금호읍,25111,"금속 문, 창, 셔터 및 관련제품 제조업",054-336-1935,054-332-1935,3
주식회사 룩세라,경상북도 영천시 청통면,28422,일반용 전기 조명장치 제조업 외 1 종,054-336-1996,070-7966-2024,4
자연공간,경상북도 영천시 금호읍,26329,기타 주변기기 제조업,054-336-2024,054-336-2021,5
지지아그로,경상북도 영천시 대창면,20312,복합비료 및 기타 화학비료 제조업 외 1 종,054-336-2030,,1
삼양환경산업(주),경상북도 영천시 도남동,20129,기타 기초 무기 화학물질 제조업 외 3 종,054-336-2072,054-336-0296,10
(주)일신중전기,경상북도 영천시 북안면,28111,전동기 및 발전기 제조업 외 4 종,054-336-2198,,13
(주)동현섬유,경상북도 영천시 북안면,13104,연사 및 가공사 제조업,054-336-2213,054-336-2215,19
주식회사 부흥산업,경상북도 영천시 금호읍,25121,산업용 난방보일러 및 방열기 제조업,054-336-2230,054-336-2231,3
(주)피제이산업 영천지점,경상북도 영천시 도남동,20119,기타 기초 유기화학 물질 제조업 외 1 종,054-336-2290,054-336-2291,3
영남산업사,경상북도 영천시 금호읍,22259,기타 플라스틱 발포 성형제품 제조업,054-336-2522,054-337-2522,8
농업회사법인(주)원광,경상북도 영천시 오미동,10309,기타 과실채소 가공 및 저장 처리업,054-336-2626,054-336-2625,5
농업회사법인(주)원광,경상북도 영천시 임고면,10309,기타 과실채소 가공 및 저장 처리업,054-336-2626,054-336-2625,5
디오텍스,경상북도 영천시 금호읍,13213,화학섬유직물 직조업,054-336-2646,054-336-2646,5
제일가설산업(주),경상북도 영천시 북안면,25113,육상 금속 골조 구조재 제조업 외 1 종,054-336-2691,054-336-2693,6
신진산업포장,경상북도 영천시 대창면,17211,골판지 제조업 외 1 종,054-336-2828,054-338-6265,5
(주)태극인 농업회사법인,경상북도 영천시 화산면,21220,한의약품 제조업,054-336-2895,054-333-5812,5
엘림칼라보드,경상북도 영천시 대창면,22212,플라스틱 필름 제조업 외 2 종,054-336-2939,054-336-2937,10
주식회사 대창,경상북도 영천시 북안면,25122,금속탱크 및 저장용기 제조업,054-336-2977,054-337-2977,6
조양향당,경상북도 영천시 청통면,20424,표면광택제 및 실내가향제 제조업,054-336-3071,054-336-2565,4
(주)지엔에스,경상북도 영천시 채신동,20422,"치약, 비누 및 기타 세제 제조업",054-336-3262,054-336-5521,4
(주)대청산업,경상북도 영천시 고경면,25929,그 외 기타 금속가공업,054-336-3264,054-336-4820,15
(주)삼원엔지니어링,경상북도 영천시 고경면,22222,설치용 및 위생용 플라스틱제품 제조업,054-336-3327,,7
동방가로시설(주),경상북도 영천시 대창면,25112,구조용 금속 판제품 및 공작물 제조업 외 4 종,054-336-3350,054-336-5513,4
한국위더스,경상북도 영천시 대창면,22212,플라스틱 필름 제조업 외 1 종,054-336-3356,054-336-3360,4
하나씨앤에스(주),경상북도 영천시 북안면,29299,그 외 기타 특수목적용 기계 제조업 외 1 종,054-336-3374,054-336-3375,5
유신포장공업(주),경상북도 영천시 본촌동,17211,골판지 제조업 외 1 종,054-336-3434,054-336-3435,19
동양산업,경상북도 영천시 대창면,13213,화학섬유직물 직조업,054-336-3551,,13
소영섬유,경상북도 영천시 청통면,13223,커튼 및 유사제품 제조업,054-336-3560,054-335-9137,2
HRK A&P,경상북도 영천시 대창면,24132,강관 제조업,054-336-3625,054-336-2015,1
별다믄영농조합법인,경상북도 영천시 임고면,10309,기타 과실채소 가공 및 저장 처리업,054-336-3655,,7
(주)선학산업,경상북도 영천시 청통면,28511,주방용 전기기기 제조업 외 6 종,054-336-3662,054-336-3661,4
(주)선학산업,경상북도 영천시 청통면,29250,음식료품 및 담배 가공기계 제조업 외 6 종,054-336-3662,054-336-3661,5
(주)엘비산업,경상북도 영천시 청통면,38321,비금속류 해체 및 선별업 외 1 종,054-336-3795,054-337-3795,6
이엠티(EMT),경상북도 영천시 청통면,29199,그 외 기타 일반목적용 기계 제조업 외 2 종,054-336-3799,054-336-3796,6
주식회사 이엠티,경상북도 영천시 청통면,29199,그 외 기타 일반목적용 기계 제조업 외 2 종,054-336-3799,054-336-3796,0
영창산업,경상북도 영천시 대창면,25921,금속 열처리업,054-336-3900,054-336-3904,7
주식회사 그린,경상북도 영천시 임고면,22299,그 외 기타 플라스틱 제품 제조업,054-336-4030,054-336-4029,3
주식회사 제이코리아,경상북도 영천시 임고면,13104,연사 및 가공사 제조업,054-336-4030,054-336-4029,8
주식회사 제이코리아,경상북도 영천시 대창면,13104,연사 및 가공사 제조업,054-336-4030,054-336-4037,9
(주)용천,경상북도 영천시 임고면,13224,"천막, 텐트 및 유사 제품 제조업 외 1 종",054-336-4031,054-336-4032,10
(주)덕성,경상북도 영천시 채신동,24213,"연 및 아연 제련, 정련 및 합금 제조업",054-336-4341,054-336-4340,13
신흥텍스타일,경상북도 영천시 금호읍,13219,특수 직물 및 기타 직물 직조업,054-336-4352,054-337-4352,30
대창기업,경상북도 영천시 고경면,25932,일반철물 제조업,054-336-4419,054-336-4420,1
한양실업,경상북도 영천시 화산면,20203,혼성 및 재생 플라스틱 소재 물질 제조업,054-336-4423,,5
(주)리빙엔젤,경상북도 영천시 북안면,22299,그 외 기타 플라스틱 제품 제조업,054-336-4432,054-336-4432,7
(주)리빙엔젤,경상북도 영천시 북안면,22299,그 외 기타 플라스틱 제품 제조업,054-336-4433,,15
(주)삼세,경상북도 영천시 도남동,10129,육류 기타 가공 및 저장처리업 (가금류 제외) 외 3 종,054-336-4455,054-331-4882,35
(주)삼세,경상북도 영천시 도남동,10129,육류 기타 가공 및 저장처리업 (가금류 제외) 외 1 종,054-336-4455,054-331-4882,15
금호창호산업,경상북도 영천시 청통면,22223,플라스틱 창호 제조업,054-336-4582,053-289-0960,3
신일사,경상북도 영천시 대창면,15219,기타 신발 제조업 외 1 종,054-336-4607,054-336-4606,6
정진고주파,경상북도 영천시 도남동,29150,"산업용 오븐, 노 및 노용 버너 제조업 외 1 종",054-336-4716,,4
(주)신도이엔브이(ENV),경상북도 영천시 청통면,22222,설치용 및 위생용 플라스틱제품 제조업,054-336-4745,054-336-4746,8
(주)케이앤지스틸 지점,경상북도 영천시 금호읍,24191,"도금, 착색 및 기타 표면처리강재 제조업",054-336-4800,054-0336-4802,23
(주)금강알씨,경상북도 영천시 화남면,23211,정형 내화 요업제품 제조업 외 1 종,054-336-4901,054-336-4903,10
주식회사 디에이치,경상북도 영천시 고경면,23212,부정형 내화 요업제품 제조업,054-336-4901,054-336-4903,6
(주)성찬산업,경상북도 영천시 금호읍,25113,육상 금속 골조 구조재 제조업 외 1 종,054-336-4943,054-337-4943,9
신동산석류비누,경상북도 영천시 신녕면,20422,"치약, 비누 및 기타 세제 제조업",054-336-4977,,1
엠피시,경상북도 영천시 대창면,25924,절삭가공 및 유사처리업,054-336-5253,0504-144-5253,10
농업회사법인(주)이비채,경상북도 영천시 임고면,11209,기타 비알코올 음료 제조업,054-336-5300,054-336-2589,20
(주)정하이텍,경상북도 영천시 대창면,25942,그 외 금속파스너 및 나사제품 제조업,054-336-5401,054-335-5044,6
(주)한스인테크 (2공장),경상북도 영천시 화산면,22212,플라스틱 필름 제조업 외 1 종,054-336-5461,054-336-5460,38
유니코브(주),경상북도 영천시 대창면,23325,콘크리트 관 및 기타 구조용 콘크리트 제품 제조업 외 1 종,054-336-5536,054-336-5563,6
웰리온소금,경상북도 영천시 신녕면,10831,"식초, 발효 및 화학 조미료 제조업 외 1 종",054-336-5555,,10
주식회사 대영산업,경상북도 영천시 화산면,22211,"플라스틱 선, 봉, 관 및 호스 제조업 외 1 종",054-336-5575,054-336-5575,12
성일중자,경상북도 영천시 대창면,24329,기타 비철금속 주조업,054-336-5581,054-336-5582,9
영동그린산업,경상북도 영천시 고경면,38321,비금속류 해체 및 선별업 외 1 종,054-336-5678,054-336-5680,12
유성하이테크(주),경상북도 영천시 신기동,25941,볼트 및 너트류 제조업 외 2 종,054-336-5678,054-336-5680,50
유성하이테크(주) 2공장,경상북도 영천시 신기동,30331,자동차용 신품 동력전달장치 제조업,054-336-5678,054-336-5680,8
세흥통상,경상북도 영천시 금호읍,13104,연사 및 가공사 제조업,054-336-5686,054-336-5687,2
(주)폴머,경상북도 영천시 도남동,20493,접착제 및 젤라틴 제조업,054-336-5843,054-336-5848,5
티지엠 주식회사,경상북도 영천시 고경면,29133,"탭, 밸브 및 유사장치 제조업",054-336-5851,054-336-5852,5
삼성직물(주),경상북도 영천시 대창면,13213,화학섬유직물 직조업,054-336-5885,054-335-5885,10
맥섬석지.엠(주),경상북도 영천시 대창면,23221,가정용 및 장식용 도자기 제조업 외 9 종,054-336-6000,054-336-5522,62
(주)대열레미콘,경상북도 영천시 북안면,23322,레미콘 제조업,054-336-6010,054-336-6014,22
(주)초원조경개발공사,경상북도 영천시 대창면,16229,기타 건축용 나무제품 제조업 외 3 종,054-336-6120,054-336-6130,24
농업회사법인(주)담따프레시,경상북도 영천시 봉동,10309,기타 과실채소 가공 및 저장 처리업 외 2 종,054-336-6203,054-335-0064,19
티앤,경상북도 영천시 임고면,10892,차류 가공업,054-336-6306,050-4161-7361,6
삼광자전거(주),경상북도 영천시 청통면,31991,자전거 및 환자용 차량 제조업,054-336-6336,054-335-5161,8
주식회사 허브밈,경상북도 영천시 대창면,26429,기타 무선 통신장비 제조업,054-336-6357,054-336-6358,0
대양섬유,경상북도 영천시 고경면,13213,화학섬유직물 직조업,054-336-6500,054-336-7500,6
두레산업,경상북도 영천시 고경면,13213,화학섬유직물 직조업 외 1 종,054-336-6500,054-336-7500,4
지풍영농조합법인,경상북도 영천시 화북면,20312,복합비료 및 기타 화학비료 제조업 외 1 종,054-336-6652,054-336-6653,4
주식회사 올빛,경상북도 영천시 청통면,10601,떡류 제조업,054-336-6665,054-336-6664,9
세웅섬유,경상북도 영천시 청통면,13219,특수 직물 및 기타 직물 직조업,054-336-6679,054-336-6681,4
(주)오토탑,경상북도 영천시 대창면,30399,그 외 자동차용 신품 부품 제조업 외 3 종,054-336-6691,054-336-6692,15
백운글로벌(주),경상북도 영천시 금호읍,25991,금속 캔 및 기타 포장용기 제조업,054-336-7012,,55
서희창호,경상북도 영천시 청통면,22229,기타 건축용 플라스틱 조립제품 제조업 외 1 종,054-336-7171,054-336-7173,10
세창텍스,경상북도 영천시 대창면,13104,연사 및 가공사 제조업,054-336-7174,054-336-7175,12
대명산업,경상북도 영천시 신기동,20203,혼성 및 재생 플라스틱 소재 물질 제조업,054-336-7188,,2
(주)동유식품,경상북도 영천시 청통면,10402,식물성 유지 제조업 외 1 종,054-336-7277,,15
농업회사법인 대영농원(주),경상북도 영천시 청통면,10899,그 외 기타 식료품 제조업,054-336-7401,054-336-7402,20
(주)한보엔지니어링,경상북도 영천시 임고면,23324,"콘크리트 타일, 기와, 벽돌 및 블록 제조업 외 2 종",054-336-7501,054-336-7503,6
(주)서원,경상북도 영천시 화산면,30320,자동차 차체용 신품 부품 제조업 외 1 종,054-336-7506,,15
(주)아산글로벌,경상북도 영천시 대창면,25991,금속 캔 및 기타 포장용기 제조업,054-336-7531,054-336-7533,6
아산글로벌,경상북도 영천시 대창면,30399,그 외 자동차용 신품 부품 제조업 외 3 종,054-336-7531,054-336-7533,10
경도산업,경상북도 영천시 청통면,16211,"박판, 합판 및 유사 적층판 제조업 외 1 종",054-336-7741,054-336-7740,7
대정건설기계(주),경상북도 영천시 고경면,29163,컨베이어장치 제조업 외 1 종,054-336-7746,054-336-8746,9
(주)우리들판넬,경상북도 영천시 청통면,25119,기타 구조용 금속제품 제조업,054-336-7760,054-336-7761,5
산과보롬,경상북도 영천시 금호읍,10603,과자류 및 코코아 제품 제조업,054-336-7778,,1
에이프로젠아이앤씨(주) 영천지점,경상북도 영천시 임고면,23129,기타 산업용 유리제품 제조업 외 1 종,054-336-7809,054-338-7809,6
(주)신일케미칼,경상북도 영천시 고경면,20499,그 외 기타 분류 안된 화학제품 제조업 외 1 종,054-336-8271,054-336-8274,8
대구농산(주)영천지점,경상북도 영천시 금호읍,10511,곡물 도정업,054-336-8300,054-336-8301,3
태평에이지(주),경상북도 영천시 채신동,20321,화학 살균살충제 및 농업용 약제 제조업 외 1 종,054-336-8301,054-336-8303,6
머텍리소스,경상북도 영천시 금호읍,20499,그 외 기타 분류 안된 화학제품 제조업 외 2 종,054-336-8382,054-336-8388,4
바이오피드 주식회사,경상북도 영천시 고경면,10901,반려동물용 사료 제조업 외 2 종,054-336-8485,054-336-8487,5
태화염업사,경상북도 영천시 채신동,10831,"식초, 발효 및 화학 조미료 제조업 외 1 종",054-336-8500,053-963-1304,5
대신산업(주),경상북도 영천시 화산면,25923,도장 및 기타 피막처리업,054-336-8600,054-336-8602,16
(주)부성에프엔에스,경상북도 영천시 봉동,10211,"수산동물 훈제, 조리 및 유사 조제식품 제조업 외 2 종",054-336-8779,054-338-8779,10
산호피엔엘(주)영천지점,경상북도 영천시 북안면,25999,그 외 기타 분류 안된 금속 가공 제품 제조업 외 4 종,054-336-8888,054-336-8887,25
(주)다우텍스,경상북도 영천시 망정동,13300,편조원단 제조업,054-336-8891,,9
우리휀스철망(주),경상북도 영천시 고경면,25944,금속선 가공제품 제조업 외 1 종,054-336-8900,054-336-8902,4
(주)그린하니컴,경상북도 영천시 대창면,17109,기타 종이 및 판지 제조업 외 2 종,054-336-8938,054-336-8937,25
성지,경상북도 영천시 금호읍,16232,"목재 포장용 상자, 드럼 및 유사용기 제조업",054-336-8995,054-336-8994,7
(주)갓바위,경상북도 영천시 청통면,11119,기타 발효주 제조업,054-336-8997,054-336-8998,4
우석클린(주),경상북도 영천시 채신동,38311,금속류 해체 및 선별업 외 3 종,054-336-8999,054-336-5471,7
광덕산업,경상북도 영천시 대창면,18119,기타 인쇄업 외 1 종,054-336-9050,054-336-9030,4
팀시스템,경상북도 영천시 청통면,22223,플라스틱 창호 제조업,054-336-9078,054-336-9079,4
대명영농조합법인,경상북도 영천시 고경면,20312,복합비료 및 기타 화학비료 제조업 외 1 종,054-336-9090,054-335-5702,8
(주)동산,경상북도 영천시 대창면,10901,반려동물용 사료 제조업 외 7 종,054-336-9090,054-336-9101,8
파란들,경상북도 영천시 화산면,10519,기타 곡물 가공품 제조업,054-336-9091,,3
주식회사 에코라스,경상북도 영천시 화산면,25992,수동식 식품 가공기기 및 금속 주방용기 제조업,054-336-9393,,8
(주) 진웅산업,경상북도 영천시 화산면,23324,"콘크리트 타일, 기와, 벽돌 및 블록 제조업 외 3 종",054-336-9393,053-851-6673,7
(주)대흥,경상북도 영천시 청통면,30399,그 외 자동차용 신품 부품 제조업 외 1 종,054-336-9393,054-338-9395,23
(주)대금(지점),경상북도 영천시 고경면,25929,그 외 기타 금속가공업,054-336-9393,,4
(주)대산종합엔지니어링,경상북도 영천시 고경면,13229,기타 직물제품 제조업,054-336-9393,,5
대승플랜트,경상북도 영천시 금호읍,25113,육상 금속 골조 구조재 제조업,054-336-9393,,10
주식회사 대금,경상북도 영천시 고경면,25113,육상 금속 골조 구조재 제조업,054-336-9393,,6
주식회사 디엠아이,경상북도 영천시 금호읍,20203,혼성 및 재생 플라스틱 소재 물질 제조업,054-336-9393,,10
주식회사 시티오,경상북도 영천시 청통면,10412,식물성 유지 제조업,054-336-9393,,4
(주)씨아이씨테크,경상북도 영천시 본촌동,20501,합성섬유 제조업,054-336-9401,051-831-3213,34
(주)세운티.엔.에스,경상북도 영천시 망정동,23121,"1차 유리제품, 유리섬유 및 광학용 유리 제조업",054-336-9551,054-336-9556,15
(주)세운티.엔.에스(제2공장),경상북도 영천시 망정동,23121,"1차 유리제품, 유리섬유 및 광학용 유리 제조업 외 2 종",054-336-9551,054-336-9556,15
(주)제이티에스,경상북도 영천시 임고면,23129,기타 산업용 유리제품 제조업 외 1 종,054-336-9551,054-927-2205,15
태성기공,경상북도 영천시 청통면,30201,차체 및 특장차 제조업,054-336-9588,054-336-9589,6
부림테크,경상북도 영천시 금호읍,25113,육상 금속 골조 구조재 제조업 외 1 종,054-336-9645,054-336-9645,5
(주)삼영,경상북도 영천시 대창면,20202,합성수지 및 기타 플라스틱 물질 제조업,054-336-9800,054-336-9803,7
동방TECH,경상북도 영천시 대창면,29199,그 외 기타 일반목적용 기계 제조업 외 1 종,054-336-9821,054-336-9822,5
영광정공,경상북도 영천시 대창면,25929,그 외 기타 금속가공업,054-336-9934,053-985-9934,0
주식회사 엠피아이,경상북도 영천시 대창면,15190,기타 가죽제품 제조업 외 1 종,054-336-9940,054-336-9943,67
(주)영남볼트,경상북도 영천시 도남동,25941,볼트 및 너트류 제조업 외 3 종,054-336-9943,0505-300-5005,8
진영제약,경상북도 영천시 대전동,10899,그 외 기타 식료품 제조업 외 1 종,054-336-9944,054-331-8740,3
농업회사법인 (주)태동현,경상북도 영천시 임고면,10309,기타 과실채소 가공 및 저장 처리업,054-337-0009,054-337-0059,10
화산약초영농조합법인,경상북도 영천시 청통면,10309,기타 과실채소 가공 및 저장 처리업,054-337-0091,054-337-0092,5
화산약초영농조합법인,경상북도 영천시 청통면,10309,기타 과실채소 가공 및 저장 처리업,054-337-0091,,5
(주)대린정공,경상북도 영천시 청통면,30320,자동차 차체용 신품 부품 제조업 외 1 종,054-337-0173,054-337-1223,20
대진산업,경상북도 영천시 화산면,25113,육상 금속 골조 구조재 제조업,054-337-0234,,4
성일이엔지,경상북도 영천시 청통면,25113,육상 금속 골조 구조재 제조업 외 1 종,054-337-0240,054-337-0249,9
(주)영남산기,경상북도 영천시 화산면,29131,액체 펌프 제조업 외 1 종,054-337-0311,054-337-0411,4
(주)대광티케이,경상북도 영천시 금호읍,21100,기초 의약 물질 제조업 외 2 종,054-337-0465,,7
치산영농조합법인,경상북도 영천시 신녕면,20312,복합비료 및 기타 화학비료 제조업 외 1 종,054-337-0500,054-337-0600,10
(주)옥천당 영천지점,경상북도 영천시 임고면,21220,한의약품 제조업,054-337-0788,054-337-0702,8
욱일산업(주),경상북도 영천시 대창면,30399,그 외 자동차용 신품 부품 제조업 외 1 종,054-337-1015,054-337-1017,30
주식회사 신진알앤씨,경상북도 영천시 청통면,22199,그 외 기타 고무제품 제조업,054-337-1076,0303-3130-0229,6
(주)대경인퍼니텍,경상북도 영천시 금호읍,32029,기타 목재가구 제조업 외 4 종,054-337-1242,054-337-1240,15
우천산업,경상북도 영천시 청통면,38321,비금속류 해체 및 선별업 외 1 종,054-337-1320,054-337-1330,7
(주)기정테크,경상북도 영천시 임고면,30320,자동차 차체용 신품 부품 제조업 외 1 종,054-337-1661,054-337-1677,20
(주)이비씨코리아,경상북도 영천시 금호읍,23993,비금속광물 분쇄물 생산업,054-337-1701,054-336-4856,8
우리아스콘(주),경상북도 영천시 고경면,23991,아스팔트 콘크리트 및 혼합제품 제조업,054-337-1888,054-338-5503,4
서광섬유,경상북도 영천시 청통면,13104,연사 및 가공사 제조업,054-337-1906,054-337-1907,4
(주)디에스프레스,경상북도 영천시 금호읍,25929,그 외 기타 금속가공업,054-337-2067,054-335-2067,10
케이비바이오,경상북도 영천시 청통면,20311,"질소화합물, 질소, 인산 및 칼리질 화학비료 제조업 외 2 종",054-337-2115,054-337-2110,3
허브주식회사,경상북도 영천시 임고면,10309,기타 과실채소 가공 및 저장 처리업,054-337-2297,0504-194-7911,5
나눔제약(주),경상북도 영천시 도림동,21220,한의약품 제조업,054-337-2297,070-8260-2297,10
주식회사 천우산업,경상북도 영천시 금호읍,30399,그 외 자동차용 신품 부품 제조업 외 3 종,054-337-2411,054-337-2416,11
(주)대호,경상북도 영천시 대창면,32029,기타 목재가구 제조업,054-337-2450,054-337-2453,5
옥진식품,경상북도 영천시 화북면,10212,수산동물 건조 및 염장품 제조업,054-337-2566,,4
(주)남이제약,경상북도 영천시 화남면,21220,한의약품 제조업 외 2 종,054-337-2666,054-336-7732,3
주식회사 케이앤엘팩,경상북도 영천시 언하동,17221,종이 포대 및 가방 제조업,054-337-3110,054-337-3112,50
주식회사 에스에이치메드,경상북도 영천시 금노동,27199,그 외 기타 의료용 기기 제조업,054-337-3182,054-338-3182,5
(주)네츄럴라이프,경상북도 영천시 청통면,23323,플라스터 혼합제품 제조업,054-337-3233,054-337-3235,10
(주)천호,경상북도 영천시 청통면,25113,육상 금속 골조 구조재 제조업,054-337-3314,054-337-3316,8
농업회사법인 (주)한도,경상북도 영천시 청통면,10519,기타 곡물 가공품 제조업,054-337-3314,054-337-3316,10
농업회사법인 (주)한도,경상북도 영천시 청통면,10519,기타 곡물 가공품 제조업,054-337-3314,054-337-3316,10
(주)광신공조,경상북도 영천시 도남동,24132,강관 제조업 외 1 종,054-337-3344,054-337-3343,22
광신공조산업사,경상북도 영천시 괴연동,25913,자동차용 금속 압형제품 제조업 외 1 종,054-337-3344,054-337-3343,6
기산HITEC,경상북도 영천시 도남동,25112,구조용 금속 판제품 및 공작물 제조업,054-337-3346,054-337-3343,4
(주) 아름,경상북도 영천시 대창면,16299,그 외 기타 나무제품 제조업 외 1 종,054-337-3399,054-335-9961,15
(주)경천산업,경상북도 영천시 금호읍,24191,"도금, 착색 및 기타 표면처리강재 제조업 외 7 종",054-337-3538,054-337-3539,10
(주)우진화학,경상북도 영천시 금호읍,20493,접착제 및 젤라틴 제조업 외 1 종,054-337-3663,054-337-3664,1
(주)젬마클린텍,경상북도 영천시 고경면,31113,기타 선박 건조업 외 1 종,054-337-4001,054-337-4009,3
(주)수안,경상북도 영천시 고경면,20203,혼성 및 재생 플라스틱 소재 물질 제조업,054-337-4006,054-337-4008,17
신성물산(주),경상북도 영천시 도남동,20129,기타 기초 무기 화학물질 제조업,054-337-4143,054-337-4142,3
대륙전선(주)1공장,경상북도 영천시 도남동,28302,기타 절연선 및 케이블 제조업,054-337-5000,054-337-5000,14
대륙전선(주),경상북도 영천시 도남동,28302,기타 절연선 및 케이블 제조업,054-337-5000,054-337-5004,60
대륙전선(주)2공장,경상북도 영천시 도남동,28302,기타 절연선 및 케이블 제조업,054-337-5000,054-337-5004,4
(주)한중엔시에스(제2공장),경상북도 영천시 채신동,28113,에너지 저장장치 제조업 외 1 종,054-337-5050,0505-337-5053,56
주식회사 에쓰엠텍,경상북도 영천시 화룡동,25994,금속 표시판 제조업 외 1 종,054-337-5120,0504-001-0020,4
성림첨단산업(주) 영천공장,경상북도 영천시 채신동,25999,그 외 기타 분류 안된 금속 가공 제품 제조업 외 1 종,054-337-5165,054-337-5169,26
대린테크(주),경상북도 영천시 도남동,29229,기타 가공 공작기계 제조업,054-337-5225,054-701-0413,12
충력시스템,경상북도 영천시 청통면,25113,육상 금속 골조 구조재 제조업,054-337-5236,054-337-5327,6
농업회사법인(주)세찬 제2공장,경상북도 영천시 임고면,10309,기타 과실채소 가공 및 저장 처리업,054-337-5357,054-337-5358,5
(주)한미산업,경상북도 영천시 고경면,30399,그 외 자동차용 신품 부품 제조업 외 6 종,054-337-5601,,20
(주)한미산업(대의공장),경상북도 영천시 고경면,30399,그 외 자동차용 신품 부품 제조업 외 6 종,054-337-5601,,15
(주)동명,경상북도 영천시 조교동,20312,복합비료 및 기타 화학비료 제조업,054-337-5808,054-338-5809,6
한남알에스(주),경상북도 영천시 금호읍,25113,육상 금속 골조 구조재 제조업,054-337-6272,054-337-6372,6
한남환경(주),경상북도 영천시 금호읍,25112,구조용 금속 판제품 및 공작물 제조업,054-337-6272,054-337-6372,4
(주)퓨어마인드,경상북도 영천시 완산동,10899,그 외 기타 식료품 제조업 외 1 종,054-337-6550,054-332-8660,7
정진케미텍,경상북도 영천시 고경면,22299,그 외 기타 플라스틱 제품 제조업,054-337-6693,054-337-6694,10
고경연사,경상북도 영천시 고경면,13104,연사 및 가공사 제조업,054-337-7123,054-337-7122,16
명진 RND,경상북도 영천시 대창면,24212,"알루미늄 제련, 정련 및 합금 제조업",054-337-7135,054-337-7136,12
승리산업,경상북도 영천시 임고면,20203,혼성 및 재생 플라스틱 소재 물질 제조업,054-337-7289,054-337-5971,5
농업회사법인 주식회사 안동농산,경상북도 영천시 청통면,10309,기타 과실채소 가공 및 저장 처리업,054-337-7389,054-331-4423,6
(주)신풍,경상북도 영천시 신녕면,22241,운송장비 조립용 플라스틱제품 제조업 외 2 종,054-337-7688,,21
(주)대성알엔피,경상북도 영천시 북안면,30399,그 외 자동차용 신품 부품 제조업 외 3 종,054-337-7776,054-337-8778,6
(주)팔미스메탈,경상북도 영천시 채신동,30399,그 외 자동차용 신품 부품 제조업 외 3 종,054-337-7787,054-337-7786,13
(주)팔미스메탈 제2공장,경상북도 영천시 채신동,25912,금속 단조제품 제조업,054-337-7787,054-337-7786,12
(주)다소니푸드,경상북도 영천시 고경면,10129,육류 기타 가공 및 저장처리업 (가금류 제외),054-337-7967,053-216-7968,11
주식회사 청통본가,경상북도 영천시 청통면,10519,기타 곡물 가공품 제조업,054-337-8033,054-331-3305,5
(주)신명특수강,경상북도 영천시 대창면,24312,강주물 주조업 외 1 종,054-337-8111,054-337-8112,20
(주)동서,경상북도 영천시 채신동,29176,액체 여과기 제조업 외 3 종,054-337-8170,,5
(주)우일산업,경상북도 영천시 대창면,23121,"1차 유리제품, 유리섬유 및 광학용 유리 제조업",054-337-8196,,9
해성시스템,경상북도 영천시 청통면,22223,플라스틱 창호 제조업,054-337-8208,054-337-8209,4
승리자원,경상북도 영천시 고경면,38311,금속류 해체 및 선별업 외 3 종,054-337-8373,,4
루트팜친환경영농조합법인,경상북도 영천시 오미동,10309,기타 과실채소 가공 및 저장 처리업,054-337-8432,054-337-8432,7
우정섬유,경상북도 영천시 망정동,13104,연사 및 가공사 제조업,054-337-8633,054-337-7594,3
(주)우정텍스,경상북도 영천시 망정동,13213,화학섬유직물 직조업,054-337-8633,,6
(주)태광금속,경상북도 영천시 금호읍,25912,금속 단조제품 제조업 외 4 종,054-337-8811,053-0352-9303,29
(주)대영산업,경상북도 영천시 고경면,23993,비금속광물 분쇄물 생산업,054-337-8828,054-337-1788,27
국일화학(주),경상북도 영천시 채신동,10831,"식초, 발효 및 화학 조미료 제조업 외 1 종",054-337-9101,054-337-9106,7
(주)천지기공,경상북도 영천시 오수동,25999,그 외 기타 분류 안된 금속 가공 제품 제조업,054-337-9139,054-337-9140,10
(주)화남텍스,경상북도 영천시 화남면,13213,화학섬유직물 직조업,054-337-9186,054-331-9902,6
우림섬유,경상북도 영천시 청통면,13104,연사 및 가공사 제조업,054-337-9450,054-0337-9451,17
서광산업,경상북도 영천시 채신동,13219,특수 직물 및 기타 직물 직조업,054-337-9539,054-337-5293,6
(주)옹가네푸드,경상북도 영천시 채신동,10832,천연 및 혼합조제 조미료 제조업,054-337-9710,054-337-7667,3
에코피에스,경상북도 영천시 신녕면,20203,혼성 및 재생 플라스틱 소재 물질 제조업,054-337-9775,054-337-9776,8
그린종합정비공장,경상북도 영천시 오수동,29241,건설 및 채광용 기계장비 제조업,054-337-9900,054-337-9907,13
농업회사법인(주)동서건강,경상북도 영천시 작산동,10309,기타 과실채소 가공 및 저장 처리업,054-338-0030,054-336-1330,60
(주)은해,경상북도 영천시 청통면,25924,절삭가공 및 유사처리업,054-338-0093,054-338-6886,4
(주)투엠모터스,경상북도 영천시 북안면,30332,자동차용 신품 전기장치 제조업 외 16 종,054-338-0211,054-338-0213,41
동서,경상북도 영천시 도림동,22211,"플라스틱 선, 봉, 관 및 호스 제조업",054-338-0221,054-338-0222,6
별빛의자,경상북도 영천시 망정동,32091,금속 가구 제조업,054-338-0235,054-338-0255,8
(주)드림텍,경상북도 영천시 채신동,20131,무기안료용 금속 산화물 및 관련 제품 제조업 외 1 종,054-338-0277,054-338-0278,10
금화산업,경상북도 영천시 임고면,22299,그 외 기타 플라스틱 제품 제조업,054-338-0448,054-338-0449,2
거창피엘티 주식회사,경상북도 영천시 도남동,25991,금속 캔 및 기타 포장용기 제조업 외 4 종,054-338-0461,054-338-0464,19
정식품,경상북도 영천시 화북면,10832,천연 및 혼합조제 조미료 제조업,054-338-0532,054-338-0536,15
아연정밀,경상북도 영천시 괴연동,29293,주형 및 금형 제조업,054-338-0602,054-338-0612,5
(주)신영스틸,경상북도 영천시 청통면,25113,육상 금속 골조 구조재 제조업 외 1 종,054-338-0831,054-338-0830,30
(주)크리오디엔에스,경상북도 영천시 고경면,20422,"치약, 비누 및 기타 세제 제조업",054-338-0901,054-338-0905,10
팔조령,경상북도 영천시 고경면,11111,탁주 및 약주 제조업,054-338-1080,054-338-1081,10
(주)동부아디아,경상북도 영천시 대창면,25113,육상 금속 골조 구조재 제조업,054-338-1100,054-338-1500,21
농업법인회사 기림바이오(주),경상북도 영천시 금호읍,10833,장류 제조업 외 2 종,054-338-1141,054-338-1181,2
농업회사법인(주)천연식품,경상북도 영천시 신녕면,10741,"식초, 발효 및 화학 조미료 제조업",054-338-1145,054-338-1148,27
한신에스텍,경상북도 영천시 봉동,25924,절삭가공 및 유사처리업 외 1 종,054-338-1175,054-338-1176,4
이송산업개발(주),경상북도 영천시 대창면,32029,기타 목재가구 제조업,054-338-1250,054-338-1258,29
(주)골드랜드,경상북도 영천시 신기동,20203,혼성 및 재생 플라스틱 소재 물질 제조업,054-338-1285,054-336-1280,2
(주)범웅리사이클링,경상북도 영천시 화산면,23324,"콘크리트 타일, 기와, 벽돌 및 블록 제조업 외 1 종",054-338-1332,054-338-1330,13
한솔섬유,경상북도 영천시 금호읍,13223,커튼 및 유사제품 제조업,054-338-1515,054-338-1516,12
기백산업사,경상북도 영천시 고경면,13922,어망 및 기타 끈 가공품 제조업,054-338-1739,054-338-2749,11
기백산업사,경상북도 영천시 고경면,13922,어망 및 기타 끈 가공품 제조업,054-338-1739,,18
(주)성원,경상북도 영천시 화남면,23211,정형 내화 요업제품 제조업 외 1 종,054-338-2050,054-338-2051,7
주식회사 경북컨테이너,경상북도 영천시 작산동,25119,기타 구조용 금속제품 제조업,054-338-2111,054-0338-2119,4
대상단조(주),경상북도 영천시 채신동,25912,금속 단조제품 제조업,054-338-2161,054-338-2163,17
연정그린영농조합법인,경상북도 영천시 신녕면,16102,표면 가공 목재 및 특정 목적용 제재목 제조업,054-338-2205,054-333-2207,4
(주)세진테크,경상북도 영천시 대창면,30399,그 외 자동차용 신품 부품 제조업 외 3 종,054-338-2550,054-336-2552,10
예스산업,경상북도 영천시 금호읍,22241,운송장비 조립용 플라스틱제품 제조업,054-338-2620,054-338-2621,9
용명산업,경상북도 영천시 금호읍,22249,기타 기계 장비 조립용 플라스틱 제품 제조업,054-338-2620,054-338-2621,0
위즈테크,경상북도 영천시 금호읍,29293,주형 및 금형 제조업,054-338-3056,054-338-3057,4
현대글로벌(주),경상북도 영천시 금호읍,25991,금속 캔 및 기타 포장용기 제조업 외 2 종,054-338-3179,,23
(주)그린이앤씨,경상북도 영천시 도남동,20129,기타 기초 무기 화학물질 제조업,054-338-3320,054-0338-3324,4
(주)엔텍,경상북도 영천시 고경면,30310,자동차 엔진용 신품 부품 제조업,054-338-3373,054-338-3375,50
(주)삼성하우징영천공장,경상북도 영천시 금호읍,23321,비내화 모르타르 제조업,054-338-3505,054-338-3508,6
(주)유학테크,경상북도 영천시 채신동,25913,자동차용 금속 압형제품 제조업,054-338-4556,070-7500-4820,12
(주)금창채신공장,경상북도 영천시 채신동,30320,자동차 차체용 신품 부품 제조업 외 1 종,054-338-5000,,25
에스엠티,경상북도 영천시 괴연동,20119,기타 기초 유기화학 물질 제조업 외 3 종,054-338-5014,054-338-0515,1
(주)에이치제이퓨처,경상북도 영천시 금호읍,25914,그 외 금속 압형제품 제조업,054-338-5070,054-338-5073,10
(주)세원이엔아이,경상북도 영천시 도남동,30399,그 외 자동차용 신품 부품 제조업 외 3 종,054-338-5161,0505-338-5161,230
(주)세원정공,경상북도 영천시 도남동,29293,주형 및 금형 제조업,054-338-5161,053-583-3555,38
(주)삼구산업,경상북도 영천시 화산면,23999,그 외 기타 분류 안된 비금속 광물제품 제조업,054-338-5177,,4
농업회사법인 조에허브(주),경상북도 영천시 청통면,10309,기타 과실채소 가공 및 저장 처리업,054-338-5377,054-331-3733,6
주식회사 와이투테크,경상북도 영천시 고경면,30399,그 외 자동차용 신품 부품 제조업,054-338-5401,054-338-5403,5
(주)정원레미콘,경상북도 영천시 고경면,23322,레미콘 제조업,054-338-5500,054-337-1779,25
(주)현대에코팩,경상북도 영천시 도남동,17211,골판지 제조업 외 1 종,054-338-5505,054-613-5669,3
이에프특장차(주),경상북도 영천시 대창면,30201,차체 및 특장차 제조업 외 1 종,054-338-5660,054-338-5662,30
신우약초영농조합법인,경상북도 영천시 매산동,10309,기타 과실채소 가공 및 저장 처리업,054-338-5677,054-336-5677,4
토영산업,경상북도 영천시 채신동,20501,합성섬유 제조업,054-338-5688,,3
미래테크,경상북도 영천시 도남동,25924,절삭가공 및 유사처리업,054-338-6005,054-338-6050,4
세운산업,경상북도 영천시 금호읍,30331,자동차용 신품 동력전달장치 제조업 외 1 종,054-338-6051,054-338-6052,7
세운산업,경상북도 영천시 금호읍,30331,자동차용 신품 동력전달장치 제조업 외 1 종,054-338-6051,054-338-6052,5
주식회사 지오스,경상북도 영천시 고경면,13910,"카펫, 마루덮개 및 유사제품 제조업 외 1 종",054-338-6112,054-336-3850,4
영천엔지니어링,경상북도 영천시 금노동,29241,건설 및 채광용 기계장비 제조업,054-338-6121,054-332-5559,5
동방알미늄,경상북도 영천시 대창면,25112,구조용 금속 판제품 및 공작물 제조업,054-338-6211,054-338-3964,5
(주)국제금속,경상북도 영천시 금호읍,24213,"연 및 아연 제련, 정련 및 합금 제조업",054-338-6622,054-338-6621,70
(주)정우화학,경상북도 영천시 채신동,20129,기타 기초 무기 화학물질 제조업,054-338-6636,054-338-6637,5
(주)혜성,경상북도 영천시 망정동,30331,자동차용 신품 동력전달장치 제조업 외 4 종,054-338-6678,054-335-9103,22
(주)혜성,경상북도 영천시 망정동,30331,자동차용 신품 동력전달장치 제조업 외 4 종,054-338-6678,054-338-6679,20
(주)스템테크,경상북도 영천시 채신동,30320,자동차 차체용 신품 부품 제조업 외 1 종,054-338-6696,054-338-6697,38
금강철강,경상북도 영천시 완산동,24199,그 외 기타 1차 철강 제조업,054-338-6868,054-338-6867,4
(주)경북제어기술,경상북도 영천시 북안면,27215,기기용 자동측정 및 제어장치 제조업 외 5 종,054-338-6911,054-338-6910,8
성심정밀(주),경상북도 영천시 청통면,30320,자동차 차체용 신품 부품 제조업 외 1 종,054-338-6988,054-338-6989,20
미송조경,경상북도 영천시 대창면,16229,기타 건축용 나무제품 제조업 외 2 종,054-338-6993,054-335-6994,1
대광스프링,경상북도 영천시 금호읍,25943,금속 스프링 제조업,054-338-7252,054-338-7254,13
(주)에스에이치테크,경상북도 영천시 도동,13221,침구 및 관련제품 제조업,054-338-7383,054-0338-382,4
(주)씨이엠,경상북도 영천시 도동,13221,침구 및 관련제품 제조업,054-338-7383,054-338-7382,0
경북농축산영농조합,경상북도 영천시 화산면,10896,건강보조용 액화식품 제조업,054-338-7570,054-335-7557,10
금강페인트공업(주),경상북도 영천시 고경면,20411,일반용 도료 및 관련제품 제조업 외 1 종,054-338-7722,054-338-7744,47
(주)계성테크,경상북도 영천시 채신동,25113,육상 금속 골조 구조재 제조업 외 4 종,054-338-8060,054-338-8060,14
(주)진성테크,경상북도 영천시 채신동,25113,육상 금속 골조 구조재 제조업 외 1 종,054-338-8061,054-338-8063,9
(주)위드조경,경상북도 영천시 화산면,16101,일반 제재업 외 5 종,054-338-8112,054-338-8113,10
에스텍 2공장,경상북도 영천시 북안면,30399,그 외 자동차용 신품 부품 제조업,054-3388-380,,7
에스텍,경상북도 영천시 북안면,30399,그 외 자동차용 신품 부품 제조업,054-338-8380,054-338-8381,20
세민산업,경상북도 영천시 화산면,22232,포장용 플라스틱 성형용기 제조업,054-338-8580,054-338-8581,7
도운섬유,경상북도 영천시 청통면,13219,특수 직물 및 기타 직물 직조업,054-338-8700,054-338-8702,12
효원개발,경상북도 영천시 고경면,22223,플라스틱 창호 제조업,054-338-8800,054-338-8801,10
(주)리유산업,경상북도 영천시 화산면,13229,기타 직물제품 제조업,054-338-8818,054-338-8819,10
(주)비스,경상북도 영천시 금호읍,10901,반려동물용 사료 제조업 외 2 종,054-338-8845,054-338-8846,3
주식회사 창명,경상북도 영천시 대창면,29293,주형 및 금형 제조업,054-338-8905,054-338-8904,2
페녹스코리아(주),경상북도 영천시 금호읍,24213,"연 및 아연 제련, 정련 및 합금 제조업",054-338-9003,054-338-9008,20
(주)하나그린폴,경상북도 영천시 화남면,22299,그 외 기타 플라스틱 제품 제조업,054-338-9050,054-338-9052,12
해뜨락영농조합법인,경상북도 영천시 금호읍,10794,두부 및 유사식품 제조업,054-338-9081,054-338-9082,25
해뜨락영농조합법인 2공장,경상북도 영천시 청통면,10309,기타 과실채소 가공 및 저장 처리업,054-338-9081,054-338-9082,11
디제이플라텍,경상북도 영천시 대창면,22211,"플라스틱 선, 봉, 관 및 호스 제조업 외 5 종",054-338-9117,054-338-9118,5
(주)신영스틸 2공장,경상북도 영천시 청통면,25113,육상 금속 골조 구조재 제조업,054-338-9164,054-338-8941,6
경농산업,경상북도 영천시 청통면,29210,농업 및 임업용 기계 제조업 외 4 종,054-338-9200,054-338-4600,52
안성산업,경상북도 영천시 금호읍,30399,그 외 자동차용 신품 부품 제조업,054-338-9209,,12
주식회사 제이에이치메탈,경상북도 영천시 청통면,25111,"금속 문, 창, 셔터 및 관련제품 제조업",054-338-9394,054-338-9395,7
(주)태우산업,경상북도 영천시 청통면,25913,자동차용 금속 압형제품 제조업 외 1 종,054-338-9454,054-338-9480,9
주식회사 태화론,경상북도 영천시 대창면,21301,체외 진단 시약 제조업 외 1 종,054-338-9566,054-338-9565,12
(주)송천,경상북도 영천시 청통면,25943,금속 스프링 제조업,054-338-9600,054-338-6886,15
(주)케이에이치,경상북도 영천시 청통면,24123,철강선 제조업 외 2 종,054-338-9600,054-338-6886,19
(주)동주피앤지,경상북도 영천시 북안면,22299,그 외 기타 플라스틱 제품 제조업,054-338-9670,054-338-9675,39
(주)수창,경상북도 영천시 채신동,30320,자동차 차체용 신품 부품 제조업 외 2 종,054-338-9802,054-338-9803,15
별빛촌산삼배양영농조합법인,경상북도 영천시 도동,10899,그 외 기타 식료품 제조업,054-338-9933,054-338-9935,7
에스와이(주)영천지점,경상북도 영천시 대창면,25112,구조용 금속 판제품 및 공작물 제조업,054-338-9970,054-338-9973,11
동극중공업(주),경상북도 영천시 대창면,25113,육상 금속 골조 구조재 제조업,054-339-0097,054-337-0098,10
(주)에스앤티,경상북도 영천시 화산면,24132,강관 제조업 외 1 종,054-339-2300,054-339-2307,12
주식회사 한중엔시에스,경상북도 영천시 채신동,30399,그 외 자동차용 신품 부품 제조업 외 2 종,054-339-5100,,245
(주)오성기공,경상북도 영천시 임고면,28111,전동기 및 발전기 제조업 외 1 종,054-339-5800,054-333-7338,68
(주)오성기공,경상북도 영천시 임고면,28111,전동기 및 발전기 제조업 외 1 종,054-339-5800,054-333-7338,32
(주)성호테크,경상북도 영천시 채신동,22241,운송장비 조립용 플라스틱제품 제조업 외 1 종,054-351-0881,,38
(주)강원에스티,경상북도 영천시 채신동,30399,그 외 자동차용 신품 부품 제조업 외 1 종,054-354-3332,,10
(주)한백테크,경상북도 영천시 청통면,22223,플라스틱 창호 제조업,054-355-6205,054-335-6203,10
(주)에코그린필드,경상북도 영천시 고경면,22299,그 외 기타 플라스틱 제품 제조업,054-388-6111,054-338-6444,8
(주)대원엔비폴,경상북도 영천시 대창면,22251,폴리스티렌 발포 성형제품 제조업 외 1 종,054-462-0005,054-462-0006,11
(주)더블루,경상북도 영천시 금호읍,20312,복합비료 및 기타 화학비료 제조업,054-462-9006,054-462-9098,1
구미비닐,경상북도 영천시 오미동,22231,"플라스틱 포대, 봉투 및 유사제품 제조업",054-482-0038,054-482-0039,3
골리앗,경상북도 영천시 조교동,29210,농업 및 임업용 기계 제조업,054-533-6544,054-533-6545,2
(주)프렌즈 도어,경상북도 영천시 금호읍,22223,플라스틱 창호 제조업 외 3 종,054-700-9398,054-700-9399,18
대양산업,경상북도 영천시 청통면,13922,어망 및 기타 끈 가공품 제조업,054-701-1300,054-701-1301,4
(주)대호스틸,경상북도 영천시 북안면,25111,"금속 문, 창, 셔터 및 관련제품 제조업 외 4 종",054-701-1552,054-701-1553,12
대연에스이(주),경상북도 영천시 화산면,25112,구조용 금속 판제품 및 공작물 제조업,054-701-1668,054-701-1669,5
주식회사 무궁글로벌,경상북도 영천시 고경면,25999,그 외 기타 분류 안된 금속 가공 제품 제조업,054-701-2201,054-701-2202,11
신우레미콘아스콘(주),경상북도 영천시 고경면,23322,레미콘 제조업,054-701-2290,054-701-2294,20
주식회사 무계바이오 농업회사법인,경상북도 영천시 북안면,20313,유기질 비료 및 상토 제조업,054-701-2990,054-701-2999,5
주식회사 해솔,경상북도 영천시 채신동,25112,구조용 금속 판제품 및 공작물 제조업 외 4 종,054-706-2111,,27
(주)시알이노테크,경상북도 영천시 도남동,23211,정형 내화 요업제품 제조업,054-706-7014,054-706-7004,27
농업회사법인 주식회사 다누리,경상북도 영천시 금호읍,10601,떡류 제조업,054-706-7015,054-706-7016,7
우리손 푸드,경상북도 영천시 금호읍,10519,기타 곡물 가공품 제조업 외 1 종,054-706-7015,054-706-7016,5
(주)월드케이,경상북도 영천시 금호읍,25113,육상 금속 골조 구조재 제조업 외 1 종,054-706-7062,054-332-6301,5
(주)월드케이,경상북도 영천시 금호읍,25912,금속 단조제품 제조업 외 2 종,054-706-7062,054-335-1276,10
원신그레이팅,경상북도 영천시 대창면,16229,기타 건축용 나무제품 제조업 외 1 종,054-706-7220,054-706-7221,5
한국목재사업(주),경상북도 영천시 고경면,16299,그 외 기타 나무제품 제조업,054-706-7337,054-706-7338,7
대영정밀,경상북도 영천시 화산면,30399,그 외 자동차용 신품 부품 제조업,054-706-7444,070-7543-9424,7
덕산이앤지,경상북도 영천시 청통면,29299,그 외 기타 특수목적용 기계 제조업 외 1 종,054-706-7530,054-706-7531,5
(주)성연,경상북도 영천시 대창면,30331,자동차용 신품 동력전달장치 제조업,054-706-7676,054-706-7675,10
(주)제이엠,경상북도 영천시 대창면,30331,자동차용 신품 동력전달장치 제조업,054-706-7787,054-706-7797,15
(주)협신철강제2공장,경상북도 영천시 고경면,24122,냉간 압연 및 압출 제품 제조업,054-714-1155,070-4009-3333,27
(주)아다,경상북도 영천시 금호읍,30320,자동차 차체용 신품 부품 제조업,054-714-3577,,72
(주)에이치엔티,경상북도 영천시 금호읍,29176,액체 여과기 제조업 외 4 종,054-716-0008,054-716-0009,9
(주)온누리기계,경상북도 영천시 북안면,29210,농업 및 임업용 기계 제조업,054-716-0501,,7
(주)온누리기계,경상북도 영천시 대창면,29210,농업 및 임업용 기계 제조업 외 1 종,054-716-0501,054-716-0502,7
거양산업,경상북도 영천시 청통면,30399,그 외 자동차용 신품 부품 제조업 외 3 종,054-726-0014,054-335-9693,6
한백테크,경상북도 영천시 도남동,31114,선박 구성 부분품 제조업,054-726-0227,054-726-0028,4
(주)도광,경상북도 영천시 작산동,28111,전동기 및 발전기 제조업 외 2 종,054-726-0229,054-726-2209,7
아이에스,경상북도 영천시 북안면,25113,육상 금속 골조 구조재 제조업 외 3 종,054-726-1234,054-726-1235,35
(주)호남금속,경상북도 영천시 대창면,24311,선철주물 주조업,054-726-1241,054-726-1242,25
(주)태영필트레이션시스템,경상북도 영천시 북안면,29199,그 외 기타 일반목적용 기계 제조업 외 2 종,054-726-2103,070-4015-4737,4
주식회사 내츄럴엔,경상북도 영천시 금호읍,10897,건강기능식품 제조업 외 1 종,054-726-2206,054-726-2207,29
보경음향,경상북도 영천시 채신동,26529,기타 음향기기 제조업 외 1 종,054-726-2282,,10
(주)우영산업,경상북도 영천시 고경면,25112,구조용 금속 판제품 및 공작물 제조업 외 2 종,054-726-2880,054-338-2878,6
(주)스틸드림영천공장,경상북도 영천시 작산동,24199,그 외 기타 1차 철강 제조업,054-740-3500,054-774-5599,39
(주)정우,경상북도 영천시 금호읍,30320,자동차 차체용 신품 부품 제조업,054-745-6050,054-745-8050,6
케이유엠에이피(주),경상북도 영천시 북안면,30399,그 외 자동차용 신품 부품 제조업,054-748-8890,054-748-8891,25
에이치테크(주),경상북도 영천시 채신동,29293,주형 및 금형 제조업,054-751-1168,054-751-1169,6
(주)영풍기계 영천공장,경상북도 영천시 북안면,30399,그 외 자동차용 신품 부품 제조업,054-773-4100,054-773-4101,45
(주)웅테크,경상북도 영천시 금호읍,29175,기체 여과기 제조업,054-927-1775,0505-5115-7398,9
하이이엔지(주),경상북도 영천시 채신동,28123,배전반 및 전기 자동제어반 제조업 외 2 종,054-927-2900,054-927-2901,4
상우물산(주),경상북도 영천시 고경면,13229,기타 직물제품 제조업,054-931-7544,054-933-7544,5
반정,경상북도 영천시 북안면,35114,태양력 발전업,054-971-4211,,0
(주)수엔테크,경상북도 영천시 도남동,20129,기타 기초 무기 화학물질 제조업,054-977-4561,054-976-4561,5
주식회사 엘에스지,경상북도 영천시 청통면,22199,그 외 기타 고무제품 제조업,055-233-3742,,7
(주)엠에이치정밀,경상북도 영천시 대창면,29272,디스플레이 제조용 기계 제조업 외 4 종,055-275-0200,070-8282-4747,6
한성에스앤아이 주식회사,경상북도 영천시 금호읍,28111,전동기 및 발전기 제조업,055-286-1061,055-286-1063,10
슈마케미아주식회사,경상북도 영천시 금호읍,20121,수소 제조업 외 1 종,055-375-1214,,9
대경,경상북도 영천시 신녕면,25113,육상 금속 골조 구조재 제조업,070-4187-7754,054-338-7754,3
농업회사법인 품 주식회사,경상북도 영천시 도남동,10122,육류 포장육 및 냉동육 가공업 (가금류 제외),070-4211-3929,054-334-0466,42
(주)네오필드,경상북도 영천시 화남면,22299,그 외 기타 플라스틱 제품 제조업,070-4235-3505,070-4235-3506,6
(주)유성,경상북도 영천시 대창면,30399,그 외 자동차용 신품 부품 제조업,070-4334-0226,054-335-0719,74
(주)아이에스스틸,경상북도 영천시 대창면,25113,육상 금속 골조 구조재 제조업,070-4759-0299,070-7966-2299,15
(주)디엠씨 영천2공장,경상북도 영천시 도림동,30399,그 외 자동차용 신품 부품 제조업,070-4946-7300,054-336-2316,8
(주)디엠씨 영천공장,경상북도 영천시 언하동,30399,그 외 자동차용 신품 부품 제조업 외 3 종,070-4946-7300,054-336-2316,100
주식회사 데이웰즈,경상북도 영천시 봉동,10709,기타 식사용 가공처리 조리식품 제조업 외 1 종,070-5056-5436,0504-985-0962,20
(주)성진글로벌,경상북도 영천시 북안면,22223,플라스틱 창호 제조업,070-7608-0909,054-255-6385,10
(주)신진에코,경상북도 영천시 채신동,20203,혼성 및 재생 플라스틱 소재 물질 제조업,070-7612-3645,,15
대금환경개발,경상북도 영천시 고경면,25929,그 외 기타 금속가공업,070-7761-1067,054-336-7040,3
(주)정헌,경상북도 영천시 완산동,29150,"산업용 오븐, 노 및 노용 버너 제조업 외 1 종",070-8666-0583,070-7500-6636,0
농업회사법인(주)프레쉬벨,경상북도 영천시 금호읍,11209,기타 비알코올 음료 제조업 외 1 종,070-8670-9249,053-289-7765,12
락셀코리아,경상북도 영천시 오수동,29210,농업 및 임업용 기계 제조업 외 1 종,070-8691-0384,070-8299-0384,2
농업회사법인 주식회사 일농,경상북도 영천시 고경면,10309,기타 과실채소 가공 및 저장 처리업,070-8760-2169,054-0336-1089,4
경북햇살농원영농조합법인,경상북도 영천시 임고면,10309,기타 과실채소 가공 및 저장 처리업,070-8801-1135,054-333-1135,8
(주)길번,경상북도 영천시 언하동,10891,커피 가공업 외 1 종,070-8831-9811,0504-231-9835,2
가인텍스,경상북도 영천시 임고면,13104,연사 및 가공사 제조업,070-8833-4761,,5
주식회사 키움,경상북도 영천시 청통면,25112,구조용 금속 판제품 및 공작물 제조업,1533-3903,054-332-7829,6
대한ENG,경상북도 영천시 채신동,25112,구조용 금속 판제품 및 공작물 제조업 외 1 종,1588-3903,054-332-7829,10
(주)새일산업,경상북도 영천시 금호읍,31312,무인 항공기 및 무인 비행장치 제조업,1644-9618,054-332-9618,5
농업회사법인 (주)두손애약초(2공장),경상북도 영천시 오미동,10309,기타 과실채소 가공 및 저장 처리업,1666-6858,053-854-8551,0
태백철강,경상북도 영천시 청통면,24199,그 외 기타 1차 철강 제조업,1899-7001,053-852-8530,6
(주)화수목,경상북도 영천시 화남면,10839,기타 식품 첨가물 제조업,,,5
경원금속,경상북도 영천시 금호읍,24213,"연 및 아연 제련, 정련 및 합금 제조업 외 1 종",,,12
길포상사,경상북도 영천시 대창면,30399,그 외 자동차용 신품 부품 제조업 외 3 종,,,5
나이스케미칼,경상북도 영천시 도남동,10831,"식초, 발효 및 화학 조미료 제조업 외 1 종",,,8
대경산업,경상북도 영천시 대창면,25122,금속탱크 및 저장용기 제조업 외 1 종,,,7
도일상회,경상북도 영천시 고경면,14419,기타 편조의복 액세서리 제조업,,,4
동성산업,경상북도 영천시 채신동,20203,혼성 및 재생 플라스틱 소재 물질 제조업,,,4
명원전력산업,경상북도 영천시 오미동,22241,운송장비 조립용 플라스틱제품 제조업 외 1 종,,,5
미산케미칼,경상북도 영천시 채신동,20312,복합비료 및 기타 화학비료 제조업,,,10
서광테크,경상북도 영천시 대창면,25924,절삭가공 및 유사처리업 외 4 종,,,7
성동산업,경상북도 영천시 금호읍,13219,특수 직물 및 기타 직물 직조업,,,15
승원친환경기술,경상북도 영천시 북안면,23325,콘크리트 관 및 기타 구조용 콘크리트 제품 제조업 외 1 종,,,7
승일제대(주),경상북도 영천시 신녕면,17221,종이 포대 및 가방 제조업,,,11
씨에이치에스,경상북도 영천시 화남면,23222,위생용 및 산업용 도자기 제조업,,,7
아주농산,경상북도 영천시 도남동,10832,천연 및 혼합조제 조미료 제조업,,,6
영진텍스타일,경상북도 영천시 임고면,13222,자수제품 및 자수용재료 제조업 외 1 종,,,12
우양농산,경상북도 영천시 대창면,10309,기타 과실채소 가공 및 저장 처리업,,,8
월산요,경상북도 영천시 화남면,23222,위생용 및 산업용 도자기 제조업,,,3
유신벽돌,경상북도 영천시 오미동,23324,"콘크리트 타일, 기와, 벽돌 및 블록 제조업 외 1 종",,,4
청산기업,경상북도 영천시 청통면,16229,기타 건축용 나무제품 제조업 외 1 종,,,10
토담집농원,경상북도 영천시 화산면,10833,장류 제조업,,,4
한성닥트엔지니어링,경상북도 영천시 화룡동,25913,자동차용 금속 압형제품 제조업 외 1 종,,,2
주식회사 엠제이이,경상북도 영천시 임고면,29230,금속 주조 및 기타 야금용 기계 제조업,,02-567-0108,1
(주)제이티엠,경상북도 영천시 청통면,13104,연사 및 가공사 제조업,,02-717-7958,3
웰니스,경상북도 영천시 고경면,22299,그 외 기타 플라스틱 제품 제조업,,041-562-2211,4
가보산업,경상북도 영천시 청통면,30399,그 외 자동차용 신품 부품 제조업 외 3 종,,0504-016-7555,10
효성화학,경상북도 영천시 오미동,22212,플라스틱 필름 제조업 외 1 종,,0504-033-5789,7
에이스시스템산업,경상북도 영천시 대창면,25113,육상 금속 골조 구조재 제조업,,0504-051-0619,5
한국기업,경상북도 영천시 금호읍,30320,자동차 차체용 신품 부품 제조업 외 1 종,,050-4055-0194,20
(주)삼국유리,경상북도 영천시 청통면,23119,기타 판유리 가공품 제조업 외 1 종,,0504-058-0612,9
보경정경,경상북도 영천시 북안면,13104,연사 및 가공사 제조업,,0504-177-9656,4
덕산하이텍,경상북도 영천시 청통면,25942,그 외 금속파스너 및 나사제품 제조업 외 1 종,,0504-188-0394,10
성지엔지니어링,경상북도 영천시 청통면,25941,볼트 및 너트류 제조업 외 1 종,,0504-188-0394,10
해드림산업,경상북도 영천시 북안면,17909,그 외 기타 종이 및 판지 제품 제조업,,0504-199-5680,3
(주)석현,경상북도 영천시 금호읍,22232,포장용 플라스틱 성형용기 제조업,,0504-236-3853,24
(주)으르렁모터스,경상북도 영천시 망정동,25913,자동차용 금속 압형제품 제조업,,0504-331-6088,3
농업회사법인 주식회사 진산삼바이오,경상북도 영천시 고경면,10309,기타 과실채소 가공 및 저장 처리업 외 1 종,,0504-377-5539,3
(주)엔바이오텍,경상북도 영천시 금호읍,10901,반려동물용 사료 제조업 외 1 종,,0504-383-4873,4
농업회사법인(주)한국와인,경상북도 영천시 금호읍,10309,기타 과실채소 가공 및 저장 처리업 외 1 종,,0504-402-9239,10
커버스 주식회사,경상북도 영천시 청통면,30399,그 외 자동차용 신품 부품 제조업,,0504-445-9924,2
(주)보성식품,경상북도 영천시 고경면,10309,기타 과실채소 가공 및 저장 처리업,,0504-476-0800,5
모든에너지(주),경상북도 영천시 언하동,30399,그 외 자동차용 신품 부품 제조업,,0505-357-8586,8
(주)제이엘디,경상북도 영천시 금노동,10309,기타 과실채소 가공 및 저장 처리업,,0507-815-8895,0
(주)신학,경상북도 영천시 청통면,29250,음식료품 및 담배 가공기계 제조업,,053-254-0675,15
부영ENG,경상북도 영천시 금호읍,29250,음식료품 및 담배 가공기계 제조업 외 1 종,,053-254-5941,5
매현테크,경상북도 영천시 금호읍,29293,주형 및 금형 제조업,,053-358-6677,4
호야정밀,경상북도 영천시 금호읍,29293,주형 및 금형 제조업,,053-358-6677,4
(주)홍성산업,경상북도 영천시 청통면,30399,그 외 자동차용 신품 부품 제조업 외 3 종,,053-381-1999,20
반도테크,경상북도 영천시 대창면,29169,기타 물품 취급장비 제조업,,053-565-4287,5
대유스틸,경상북도 영천시 청통면,24199,그 외 기타 1차 철강 제조업,,053-583-2494,6
비봉섬유,경상북도 영천시 청통면,13213,화학섬유직물 직조업,,053-591-0593,10
태형정밀,경상북도 영천시 대창면,29293,주형 및 금형 제조업,,053-592-5730,5
(주)늘푸른스마트테크,경상북도 영천시 대창면,10121,가금류 가공 및 저장 처리업 외 3 종,,053-746-7765,5
케이디스톤,경상북도 영천시 금호읍,23911,건설용 석제품 제조업,,053-761-6189,5
금대영,경상북도 영천시 고경면,25999,그 외 기타 분류 안된 금속 가공 제품 제조업,,053-765-1814,7
대영시스템,경상북도 영천시 금호읍,22223,플라스틱 창호 제조업,,053-765-1814,0
드림,경상북도 영천시 대창면,25942,그 외 금속파스너 및 나사제품 제조업 외 1 종,,053-791-8899,7
고려상사,경상북도 영천시 대창면,17909,그 외 기타 종이 및 판지 제품 제조업,,053-852-2260,8
서현중기,경상북도 영천시 금호읍,34011,건설 광업용 기계 및 장비 수리업,,053-857-3709,4
(주)대주강업,경상북도 영천시 화산면,25113,육상 금속 골조 구조재 제조업,,053-857-8860,15
(주)경보테크,경상북도 영천시 대창면,30399,그 외 자동차용 신품 부품 제조업 외 6 종,,053-857-9336,7
대원,경상북도 영천시 대창면,25113,육상 금속 골조 구조재 제조업 외 1 종,,053-964-4677,8
(주)이현대전력,경상북도 영천시 대창면,25113,육상 금속 골조 구조재 제조업 외 1 종,,053-982-7323,6
보문상사,경상북도 영천시 대창면,25944,금속선 가공제품 제조업,,053-985-3523,5
(주)씨앤케이케미칼,경상북도 영천시 고경면,20203,혼성 및 재생 플라스틱 소재 물질 제조업,,054-0264-8716,4
기원필드산업,경상북도 영천시 북안면,22299,그 외 기타 플라스틱 제품 제조업,,054-033-6013,8
동방산업,경상북도 영천시 대창면,22211,"플라스틱 선, 봉, 관 및 호스 제조업",,054-0336-1384,4
시온텍스,경상북도 영천시 망정동,13213,화학섬유직물 직조업,,054-0336-2646,9
영천한솔,경상북도 영천시 북안면,17901,문구용 종이제품 제조업,,054-278-3354,4
예건정밀,경상북도 영천시 청통면,30399,그 외 자동차용 신품 부품 제조업 외 3 종,,054-331-1047,5
한용선재,경상북도 영천시 북안면,24123,철강선 제조업,,054-331-2137,5
코리아향진원,경상북도 영천시 임고면,20423,화장품 제조업,,054-331-3820,0
(주)미광 제2공장,경상북도 영천시 북안면,20312,복합비료 및 기타 화학비료 제조업 외 1 종,,054-331-4955,6
(주)신화플라텍,경상북도 영천시 대창면,20203,혼성 및 재생 플라스틱 소재 물질 제조업,,054-331-4988,4
동일바이오텍,경상북도 영천시 화산면,29210,농업 및 임업용 기계 제조업,,054-331-7799,12
동진테크,경상북도 영천시 임고면,25999,그 외 기타 분류 안된 금속 가공 제품 제조업,,054-331-8461,5
제일종합안전(주),경상북도 영천시 금호읍,25994,금속 표시판 제조업 외 2 종,,054-331-8474,5
동진산업,경상북도 영천시 오수동,30399,그 외 자동차용 신품 부품 제조업,,054-332-1990,5
진보농산,경상북도 영천시 서산동,10832,천연 및 혼합조제 조미료 제조업,,054-332-3008,2
(주)동서농수산,경상북도 영천시 임고면,10519,기타 곡물 가공품 제조업 외 1 종,,054-332-6403,5
코리아ENG,경상북도 영천시 금호읍,25112,구조용 금속 판제품 및 공작물 제조업,,054-333-1833,5
농업회사법인(주)연정바이오,경상북도 영천시 신녕면,16102,표면 가공 목재 및 특정 목적용 제재목 제조업 외 1 종,,054-333-2207,12
주식회사 윤금푸드,경상북도 영천시 북안면,10701,도시락류 제조업,,054-333-4411,6
대우폐차산업,경상북도 영천시 고경면,30331,자동차용 신품 동력전달장치 제조업,,054-333-4848,8
(주)정산,경상북도 영천시 도남동,29241,건설 및 채광용 기계장비 제조업,,054-333-7204,26
마이스터 알브이,경상북도 영천시 청통면,30203,트레일러 및 세미트레일러 제조업,,054-333-8775,2
마이스터 알브이,경상북도 영천시 청통면,30203,트레일러 및 세미트레일러 제조업,,054-333-8775,10
엔더블유이엔씨,경상북도 영천시 청통면,25113,육상 금속 골조 구조재 제조업 외 1 종,,054-333-8882,15
우진세라믹,경상북도 영천시 오미동,23211,정형 내화 요업제품 제조업 외 1 종,,054-333-9657,5
대성산업,경상북도 영천시 금호읍,29293,주형 및 금형 제조업,,054-334-1749,8
영창바이오,경상북도 영천시 오수동,20312,복합비료 및 기타 화학비료 제조업 외 1 종,,054-334-2284,10
삼성곡물주식회사,경상북도 영천시 화남면,10511,곡물 도정업,,054-334-3075,6
빌드업시스터즈,경상북도 영천시 대창면,22231,"플라스틱 포대, 봉투 및 유사제품 제조업",,054-334-5014,7
(주)대성앤텍,경상북도 영천시 대창면,29250,음식료품 및 담배 가공기계 제조업 외 1 종,,054-334-7755,10
더원(theone),경상북도 영천시 작산동,10894,두부 및 유사식품 제조업 외 1 종,,054-334-7941,0
주식회사 해도 BM,경상북도 영천시 화남면,19100,코크스 및 연탄 제조업 외 1 종,,054-335-0491,3
(주)동강,경상북도 영천시 금호읍,25113,육상 금속 골조 구조재 제조업 외 1 종,,054-335-0612,4
동강산업,경상북도 영천시 대창면,30320,자동차 차체용 신품 부품 제조업 외 2 종,,054-335-0613,10
두리기업(주),경상북도 영천시 대창면,25122,금속탱크 및 저장용기 제조업 외 7 종,,054-335-1554,9
고도리 와이너리,경상북도 영천시 고경면,11119,기타 발효주 제조업,,054-335-3174,6
동성산업,경상북도 영천시 봉동,22231,"플라스틱 포대, 봉투 및 유사제품 제조업",,054-335-3836,4
농업회사법인 주식회사 진명,경상북도 영천시 고경면,10309,기타 과실채소 가공 및 저장 처리업,,054-335-5657,3
원경산업,경상북도 영천시 대창면,22232,포장용 플라스틱 성형용기 제조업,,054-335-6566,8
(주)더블유티피,경상북도 영천시 대창면,30399,그 외 자동차용 신품 부품 제조업,,054-335-6748,10
미래사무용가구,경상북도 영천시 대창면,32029,기타 목재가구 제조업,,054-335-8235,4
우신텍스(TEX),경상북도 영천시 화산면,13104,연사 및 가공사 제조업,,054-335-8390,5
농업회사법인 월성 주식회사,경상북도 영천시 청통면,10309,기타 과실채소 가공 및 저장 처리업,,054-335-8418,7
창신유통,경상북도 영천시 금호읍,10309,기타 과실채소 가공 및 저장 처리업,,054-335-8549,1
(주)케이엠,경상북도 영천시 신기동,13219,특수 직물 및 기타 직물 직조업,,054-335-8724,12
농업회사법인(주)신흥농산,경상북도 영천시 신녕면,10309,기타 과실채소 가공 및 저장 처리업,,054-335-9903,4
신흥농산,경상북도 영천시 청통면,10309,기타 과실채소 가공 및 저장 처리업,,054-335-9903,4
가온누리식품,경상북도 영천시 봉동,10832,천연 및 혼합조제 조미료 제조업 외 1 종,,054-336-0048,12
한영시스템,경상북도 영천시 괴연동,22223,플라스틱 창호 제조업,,054-336-0048,10
토탈맨홀,경상북도 영천시 신녕면,25113,육상 금속 골조 구조재 제조업 외 1 종,,054-336-0076,15
현진산업,경상북도 영천시 대창면,29133,"탭, 밸브 및 유사장치 제조업",,054-336-0736,8
농업회사법인 (주)일농,경상북도 영천시 고경면,10309,기타 과실채소 가공 및 저장 처리업,,054-336-1089,0
농업회사법인 더불어실버팜,경상북도 영천시 고경면,10309,기타 과실채소 가공 및 저장 처리업,,054-336-1089,3
대영정공,경상북도 영천시 금호읍,25112,구조용 금속 판제품 및 공작물 제조업,,054-336-2240,4
(주)티에스더블유,경상북도 영천시 화남면,32099,그 외 기타 가구 제조업,,054-336-2552,12
영풍약제개발(주),경상북도 영천시 오수동,25991,금속 캔 및 기타 포장용기 제조업 외 1 종,,054-336-3569,6
혜원영농조합법인,경상북도 영천시 청통면,16101,일반 제재업,,054-336-4113,5
농업회사법인(주)바이오그린빈,경상북도 영천시 고경면,10896,건강보조용 액화식품 제조업 외 1 종,,054-336-4576,5
태성건설,경상북도 영천시 고경면,25113,육상 금속 골조 구조재 제조업,,054-336-4634,15
(주)에스오,경상북도 영천시 금호읍,28410,전구 및 램프 제조업,,054-336-5402,3
대풍섬유,경상북도 영천시 대창면,13219,특수 직물 및 기타 직물 직조업,,054-336-5688,5
명성산업,경상북도 영천시 북안면,23993,비금속광물 분쇄물 생산업 외 3 종,,054-336-5992,5
(주)싱싱푸드,경상북도 영천시 금호읍,10519,기타 곡물 가공품 제조업,,054-336-7003,5
경도창호,경상북도 영천시 청통면,22223,플라스틱 창호 제조업,,054-336-7743,5
(주)주연에프앤피,경상북도 영천시 대창면,17212,골판지 상자 및 가공제품 제조업 외 1 종,,054-336-7876,14
신용ENG,경상북도 영천시 대창면,29293,주형 및 금형 제조업,,054-336-8371,5
웰리너스,경상북도 영천시 청통면,10892,차류 가공업 외 1 종,,054-336-8734,5
(주)올래 농업회사법인,경상북도 영천시 청통면,10309,기타 과실채소 가공 및 저장 처리업,,054-336-8820,7
(주)경명그린네트,경상북도 영천시 화남면,22299,그 외 기타 플라스틱 제품 제조업,,054-336-8829,2
태향이엔지,경상북도 영천시 대창면,30399,그 외 자동차용 신품 부품 제조업 외 3 종,,054-336-8935,5
(주)동산,경상북도 영천시 대창면,13225,직물포대 제조업,,054-336-9101,10
서광정경,경상북도 영천시 청통면,13104,연사 및 가공사 제조업,,054-336-9576,1
농업회사법인 (주)영훈,경상북도 영천시 임고면,10309,기타 과실채소 가공 및 저장 처리업,,054-337-0701,5
농업회사법인 오성농업(주),경상북도 영천시 화남면,29210,농업 및 임업용 기계 제조업,,054-337-1125,0
정원유기농 영농조합법인,경상북도 영천시 북안면,10121,가금류 가공 및 저장 처리업 외 7 종,,054-337-1505,10
(주)다온기술,경상북도 영천시 고경면,22241,운송장비 조립용 플라스틱제품 제조업,,054-337-2372,11
진일산업,경상북도 영천시 녹전동,29210,농업 및 임업용 기계 제조업,,054-337-3727,1
신영산업,경상북도 영천시 금호읍,25913,자동차용 금속 압형제품 제조업 외 1 종,,054-337-4060,4
(주)남경,경상북도 영천시 금호읍,13104,연사 및 가공사 제조업,,054-337-4352,9
(주)정신티앤씨,경상북도 영천시 화남면,20203,혼성 및 재생 플라스틱 소재 물질 제조업,,054-337-4412,7
(주)리드시스,경상북도 영천시 고경면,38321,비금속류 해체 및 선별업 외 1 종,,054-337-4456,10
(주)명진,경상북도 영천시 대창면,30399,그 외 자동차용 신품 부품 제조업 외 1 종,,054-337-5116,5
농업회사법인(주)세찬,경상북도 영천시 임고면,11119,기타 발효주 제조업 외 2 종,,054-337-5358,15
농업회사법인 대신농산(주),경상북도 영천시 청통면,10309,기타 과실채소 가공 및 저장 처리업,,054-337-6231,5
금호LED,경상북도 영천시 금호읍,28410,전구 및 램프 제조업 외 1 종,,054-337-6808,7
진흥글로벌텍스,경상북도 영천시 매산동,13104,연사 및 가공사 제조업,,054-337-7759,1
케이디이엔지(KDENG),경상북도 영천시 채신동,25113,육상 금속 골조 구조재 제조업,,054-337-7786,4
인지조형디자인,경상북도 영천시 청통면,33910,간판 및 광고물 제조업 외 1 종,,054-337-8050,5
유니테크(주),경상북도 영천시 화남면,29133,"탭, 밸브 및 유사장치 제조업 외 1 종",,054-337-9366,15
주식회사 제이더블유,경상북도 영천시 금호읍,30399,그 외 자동차용 신품 부품 제조업,,054-338-1501,8
와이앤디알,경상북도 영천시 대창면,28123,배전반 및 전기 자동제어반 제조업 외 1 종,,054-338-1861,5
한성산업,경상북도 영천시 북안면,22211,"플라스틱 선, 봉, 관 및 호스 제조업",,054-338-3035,3
백석이앤아이(주),경상북도 영천시 금호읍,27199,그 외 기타 의료용 기기 제조업,,054-338-3700,2
화성가구,경상북도 영천시 대창면,32029,기타 목재가구 제조업,,054-338-4280,5
쓰리엠맘,경상북도 영천시 화산면,10309,기타 과실채소 가공 및 저장 처리업,,054-338-5638,2
원당산업,경상북도 영천시 대창면,13213,화학섬유직물 직조업,,054-338-5654,15
현창테크,경상북도 영천시 대창면,25941,볼트 및 너트류 제조업 외 1 종,,054-338-5654,0
형인산업,경상북도 영천시 청통면,38322,비금속류 원료 재생업,,054-338-7229,5
신일종합농기계,경상북도 영천시 청통면,29210,농업 및 임업용 기계 제조업,,054-338-7782,1
현대상사,경상북도 영천시 금호읍,30320,자동차 차체용 신품 부품 제조업 외 3 종,,054-338-7783,5
태양스틸,경상북도 영천시 청통면,24199,그 외 기타 1차 철강 제조업,,054-338-8909,4
(주)건용,경상북도 영천시 청통면,25113,육상 금속 골조 구조재 제조업 외 1 종,,054-338-9395,23
비엠케이화이텍,경상북도 영천시 청통면,25999,그 외 기타 분류 안된 금속 가공 제품 제조업,,054-338-9395,6
주식회사 에코소닉스,경상북도 영천시 청통면,25111,"금속 문, 창, 셔터 및 관련제품 제조업",,054-338-9395,7
영천시트 주식회사,경상북도 영천시 금호읍,30399,그 외 자동차용 신품 부품 제조업,,054-339-0899,57
초록농산,경상북도 영천시 금호읍,10309,기타 과실채소 가공 및 저장 처리업,,054-474-5380,8
태일테크,경상북도 영천시 대창면,25999,그 외 기타 분류 안된 금속 가공 제품 제조업,,054-706-7668,8
(주)화윤,경상북도 영천시 망정동,16231,목재 깔판류 및 기타 적재판 제조업,,054-706-8701,7
대박가운,경상북도 영천시 북안면,14192,"근무복, 작업복 및 유사의복 제조업",,054-726-1238,15
치산에프앤비,경상북도 영천시 신녕면,10309,기타 과실채소 가공 및 저장 처리업,,054-853-9330,4
(주)에스엠티,경상북도 영천시 대창면,30331,자동차용 신품 동력전달장치 제조업,,054-927-7728,14
(주)바른식품,경상북도 영천시 금호읍,10302,과실 및 그 외 채소 절임식품 제조업,,054-954-2421,5
반정,경상북도 영천시 북안면,25119,기타 구조용 금속제품 제조업,,054-971-4221,5
(주)태융산업,경상북도 영천시 고경면,22241,운송장비 조립용 플라스틱제품 제조업,,054-977-9381,3
농업회사법인 주식회사 홀그레인호밀농장,경상북도 영천시 화산면,10519,기타 곡물 가공품 제조업,,054-981-0015,1
씨엔씨산업,경상북도 영천시 금호읍,25999,그 외 기타 분류 안된 금속 가공 제품 제조업,,055-333-5652,5
상진특수판지(주),경상북도 영천시 북안면,17909,그 외 기타 종이 및 판지 제품 제조업 외 1 종,,055-335-0725,0
다원포장(주),경상북도 영천시 고경면,17212,골판지 상자 및 가공제품 제조업,,070-5056-0990,4
라인메탈,경상북도 영천시 채신동,29133,"탭, 밸브 및 유사장치 제조업",,070-7469-6200,8
온리허브,경상북도 영천시 청통면,10309,기타 과실채소 가공 및 저장 처리업 외 1 종,,070-7695-6253,3
(주)동서철강,경상북도 영천시 대창면,24199,그 외 기타 1차 철강 제조업,,070-8244-2520,6
(주)다인피에스피,경상북도 영천시 화산면,17909,그 외 기타 종이 및 판지 제품 제조업 외 1 종,,070-8668-0989,5
(주)고경스틸,경상북도 영천시 고경면,24199,그 외 기타 1차 철강 제조업,,,2
(주)그린이엔씨,경상북도 영천시 금호읍,30320,자동차 차체용 신품 부품 제조업 외 1 종,,,20
(주)기백산업안전,경상북도 영천시 고경면,13922,어망 및 기타 끈 가공품 제조업,,,6
(주)꼬미다,경상북도 영천시 청통면,10603,과자류 및 코코아 제품 제조업,,,5
(주)농업회사법인 케이푸드,경상북도 영천시 화산면,10122,육류 포장육 및 냉동육 가공업 (가금류 제외),,,16
(주)다물인터내셔널,경상북도 영천시 청통면,22223,플라스틱 창호 제조업,,,5
(주)다이아텍,경상북도 영천시 대창면,32091,금속 가구 제조업 외 1 종,,,10
(주)대경,경상북도 영천시 금호읍,22222,설치용 및 위생용 플라스틱제품 제조업,,,2
(주)대흥(지점),경상북도 영천시 청통면,30393,자동차용 신품 의자 제조업,,,5
(주)드림토지개발 1공장,경상북도 영천시 대창면,30399,그 외 자동차용 신품 부품 제조업 외 3 종,,,5
(주)마린스텔라텍,경상북도 영천시 북안면,29299,그 외 기타 특수목적용 기계 제조업,,,3
(주)맥풍,경상북도 영천시 대창면,38302,비금속원료 재생업,,,10
(주)별빛,경상북도 영천시 임고면,10301,김치류 제조업 외 2 종,,,10
(주)비에스 영천공장,경상북도 영천시 북안면,13409,섬유제품 기타 정리 및 마무리 가공업,,,1
(주)삼일과수산업,경상북도 영천시 청통면,17221,종이 포대 및 가방 제조업,,,3
(주)성일코퍼레이션,경상북도 영천시 청통면,25111,"금속 문, 창, 셔터 및 관련제품 제조업",,,5
(주)시스,경상북도 영천시 청통면,29250,음식료품 및 담배 가공기계 제조업,,,5
(주)신양정밀,경상북도 영천시 봉동,25913,자동차용 금속 압형제품 제조업,,,2
(주)씨에스에너텍,경상북도 영천시 화산면,35114,태양력 발전업,,,0
(주)엔사이언스코리아,경상북도 영천시 채신동,20422,"치약, 비누 및 기타 세제 제조업",,,10
(주)영신철강,경상북도 영천시 고경면,24199,그 외 기타 1차 철강 제조업,,,2
(주)유에이치에스,경상북도 영천시 금호읍,10901,반려동물용 사료 제조업 외 1 종,,,2
(주)제이와이판넬,경상북도 영천시 채신동,25112,구조용 금속 판제품 및 공작물 제조업,,,12
(주)지에이,경상북도 영천시 본촌동,30320,자동차 차체용 신품 부품 제조업,,,1
(주)진보,경상북도 영천시 임고면,20499,그 외 기타 분류 안된 화학제품 제조업 외 1 종,,,0
(주)청운,경상북도 영천시 고경면 동,25944,금속선 가공제품 제조업 외 1 종,,,15
(주)트리엔,경상북도 영천시 고경면,29141,구름베어링 제조업 외 1 종,,,8
(주)티엔케이푸드,경상북도 영천시 대창면,10121,가금류 가공 및 저장 처리업 외 1 종,,,9
(주)협신철강,경상북도 영천시 대창면,24122,냉간 압연 및 압출 제품 제조업,,,27
(주)형제케미칼,경상북도 영천시 도남동,20129,기타 기초 무기 화학물질 제조업 외 1 종,,,15
(주)화진지앤씨,경상북도 영천시 북안면,30399,그 외 자동차용 신품 부품 제조업 외 3 종,,,9
A-ONE,경상북도 영천시 고경면,30399,그 외 자동차용 신품 부품 제조업 외 6 종,,,10
광득 산업,경상북도 영천시 화남면,22299,그 외 기타 플라스틱 제품 제조업,,,2
그랩푸드,경상북도 영천시 도남동,10121,가금류 가공 및 저장 처리업 외 2 종,,,2
글로리메탈,경상북도 영천시 대창면,25113,육상 금속 골조 구조재 제조업,,,5
금성깐마늘,경상북도 영천시 임고면,10309,기타 과실채소 가공 및 저장 처리업,,,13
금호텍스,경상북도 영천시 금호읍,14199,그 외 기타 봉제의복 제조업,,,12
농업회사법인 (주)미래농부들,경상북도 영천시 화산면,10897,건강기능식품 제조업,,,10
농업회사법인 주식회사 라이들팜,경상북도 영천시 신녕면,10820,"면류, 마카로니 및 유사식품 제조업",,,15
농업회사법인(주)케이소금나무,경상북도 영천시 고경면,10309,기타 과실채소 가공 및 저장 처리업 외 1 종,,,10
늘해찬,경상북도 영천시 금호읍,10892,차류 가공업,,,2
다물,경상북도 영천시 청통면,25111,"금속 문, 창, 셔터 및 관련제품 제조업",,,4
다올 워크테인먼트,경상북도 영천시 매산동,10309,기타 과실채소 가공 및 저장 처리업,,,3
다임텍스,경상북도 영천시 임고면,13104,연사 및 가공사 제조업,,,3
대신산업,경상북도 영천시 금호읍,30399,그 외 자동차용 신품 부품 제조업 외 3 종,,,15
대양케미칼(주),경상북도 영천시 봉동,20203,혼성 및 재생 플라스틱 소재 물질 제조업,,,3
대한한약 협동조합,경상북도 영천시 화남면,10309,기타 과실채소 가공 및 저장 처리업,,,6
도현산업,경상북도 영천시 채신동,25113,육상 금속 골조 구조재 제조업,,,0
동민산업협동조합,경상북도 영천시 금호읍,22213,플라스틱 시트 및 판 제조업 외 2 종,,,5
동형폴리텍스,경상북도 영천시 임고면,13104,연사 및 가공사 제조업,,,3
동화태양광발전소,경상북도 영천시 화산면,35114,태양력 발전업,,,1
두산기계산업,경상북도 영천시 고경면,29169,기타 물품 취급장비 제조업 외 1 종,,,4
등진개발(주),경상북도 영천시 채신동,30320,자동차 차체용 신품 부품 제조업 외 1 종,,,10
디에이치테크 ,경상북도 영천시 금호읍,25999,그 외 기타 분류 안된 금속 가공 제품 제조업,,,3
라인산업,경상북도 영천시 채신동,25119,기타 구조용 금속제품 제조업,,,0
미래 신소재G.R.P,경상북도 영천시 임고면,22211,"플라스틱 선, 봉, 관 및 호스 제조업",,,6
보성,경상북도 영천시 청통면,25929,그 외 기타 금속가공업,,,5
삼성건업,경상북도 영천시 청통면,25111,"금속 문, 창, 셔터 및 관련제품 제조업",,,15
삼천산업,경상북도 영천시 청통면,30320,자동차 차체용 신품 부품 제조업,,,13
상동플랜트산업사,경상북도 영천시 청통면,30399,그 외 자동차용 신품 부품 제조업,,,10
서우테크,경상북도 영천시 대창면,29293,주형 및 금형 제조업,,,4
선화상사,경상북도 영천시 고경면,30399,그 외 자동차용 신품 부품 제조업 외 3 종,,,5
성우산업,경상북도 영천시 대창면,22223,플라스틱 창호 제조업,,,5
성일산업,경상북도 영천시 대창면,17909,그 외 기타 종이 및 판지 제품 제조업,,,3
성호산업,경상북도 영천시 신기동,25941,볼트 및 너트류 제조업 외 1 종,,,4
세기,경상북도 영천시 작산동,30399,그 외 자동차용 신품 부품 제조업 외 3 종,,,5
세명,경상북도 영천시 금호읍,28422,일반용 전기 조명장치 제조업,,,1
세창산업,경상북도 영천시 청통면,22299,그 외 기타 플라스틱 제품 제조업,,,4
신명,경상북도 영천시 대창면,24321,알루미늄주물 주조업,,,9
신안테크,경상북도 영천시 오수동,30399,그 외 자동차용 신품 부품 제조업 외 3 종,,,5
신원유통가공,경상북도 영천시 신녕면,10129,육류 기타 가공 및 저장처리업 (가금류 제외) 외 1 종,,,3
썬포스(주),경상북도 영천시 금호읍,10891,커피 가공업 외 1 종,,,7
씨티에스(주),경상북도 영천시 청통면,29175,기체 여과기 제조업,,,6
어반스토리지,경상북도 영천시 북안면,32021,주방용 및 음식점용 목재가구 제조업 외 1 종,,,1
언하이엔지,경상북도 영천시 조교동,28123,배전반 및 전기 자동제어반 제조업,,,5
에이스필드 주식회사,경상북도 영천시 화산면,22299,그 외 기타 플라스틱 제품 제조업,,,1
에프앤에스(주),경상북도 영천시 북안면,24222,"알루미늄 압연, 압출 및 연신제품 제조업",,,7
엘시피 이엔지,경상북도 영천시 금호읍,25121,산업용 난방보일러 및 방열기 제조업 외 1 종,,,1
엘케이(LK)산업,경상북도 영천시 청통면,30399,그 외 자동차용 신품 부품 제조업 외 3 종,,,10
영재산업,경상북도 영천시 청통면,25999,그 외 기타 분류 안된 금속 가공 제품 제조업,,,5
영진글로벌,경상북도 영천시 청통면,13104,연사 및 가공사 제조업,,,3
영천배기 주식회사,경상북도 영천시 임고면,30399,그 외 자동차용 신품 부품 제조업 외 1 종,,,135
영천산업자원,경상북도 영천시 완산동,25113,육상 금속 골조 구조재 제조업 외 1 종,,,4
우리유통,경상북도 영천시 금호읍,10832,천연 및 혼합조제 조미료 제조업,,,5
자연농축산,경상북도 영천시 대창면,10901,반려동물용 사료 제조업 외 1 종,,,4
재일정밀,경상북도 영천시 북안면,30399,그 외 자동차용 신품 부품 제조업,,,14
전국산업,경상북도 영천시 금호읍,30320,자동차 차체용 신품 부품 제조업 외 1 종,,,20
전진산업,경상북도 영천시 임고면,25113,육상 금속 골조 구조재 제조업,,,4
제이에이치산업,경상북도 영천시 금호읍,16232,"목재 포장용 상자, 드럼 및 유사용기 제조업",,,5
제일교구,경상북도 영천시 금호읍,32091,금속 가구 제조업 외 1 종,,,7
주식회사 대진,경상북도 영천시 북안면,30399,그 외 자동차용 신품 부품 제조업,,,1
주식회사 삼정네트,경상북도 영천시 고경면,13922,어망 및 기타 끈 가공품 제조업,,,5
주식회사 세화주철,경상북도 영천시 대창면,24311,선철주물 주조업,,,2
주식회사 써드원,경상북도 영천시 화산면,22299,그 외 기타 플라스틱 제품 제조업 외 1 종,,,1
주식회사 에스케이알인터내셔널,경상북도 영천시 금호읍,13104,연사 및 가공사 제조업,,,5
주식회사 킬링턴머티리얼즈,경상북도 영천시 북안면,20501,합성섬유 제조업,,,5
주식회사 한샘에코시스템즈,경상북도 영천시 청통면,22299,그 외 기타 플라스틱 제품 제조업,,,2
주신목재,경상북도 영천시 금호읍,16231,목재 깔판류 및 기타 적재판 제조업,,,5
주은기업,경상북도 영천시 금호읍,25113,육상 금속 골조 구조재 제조업,,,5
지에스산업,경상북도 영천시 화산면,29210,농업 및 임업용 기계 제조업,,,3
창성칼라텍,경상북도 영천시 봉동,25923,도장 및 기타 피막처리업,,,5
청보건설,경상북도 영천시 화북면,25113,육상 금속 골조 구조재 제조업,,,4
청산산업,경상북도 영천시 청통면,25113,육상 금속 골조 구조재 제조업,,,9
초은텍스,경상북도 영천시 대창면,13104,연사 및 가공사 제조업,,,5
코리아스틸폼(주),경상북도 영천시 청통면,25113,육상 금속 골조 구조재 제조업 외 1 종,,,3
태광섬유,경상북도 영천시 금호읍,13104,연사 및 가공사 제조업,,,1
토탈맨홀,경상북도 영천시 화산면,24311,선철주물 주조업,,,5
포산산업,경상북도 영천시 대창면,28511,주방용 전기기기 제조업,,,4
한일산업,경상북도 영천시 화산면,38321,비금속류 해체 및 선별업 외 1 종,,,5
해영,경상북도 영천시 북안면,22259,기타 플라스틱 발포 성형제품 제조업,,,22
현디자인센타,경상북도 영천시 북안면,33910,간판 및 광고물 제조업 외 1 종,,,3
화경산업(주),경상북도 영천시 대창면,22241,운송장비 조립용 플라스틱제품 제조업 외 1 종,,,40
화산비닐,경상북도 영천시 화산면,22231,"플라스틱 포대, 봉투 및 유사제품 제조업",,,2
(주)건우금속,경상북도 영천시 채신동,30399,그 외 자동차용 신품 부품 제조업 외 4 종,,,68
(주)금창,경상북도 영천시 채신동,30320,자동차 차체용 신품 부품 제조업 외 1 종,,,96
(주)금창 4공장,경상북도 영천시 금호읍,30320,자동차 차체용 신품 부품 제조업 외 1 종,,,20
(주)니나,경상북도 영천시 채신동,22211,"플라스틱 선, 봉, 관 및 호스 제조업 외 3 종",,,11
(주)대일정공,경상북도 영천시 녹전동,27199,그 외 기타 의료용 기기 제조업,,,1
(주)댁호즈,경상북도 영천시 금호읍,25113,육상 금속 골조 구조재 제조업,,,0
(주)덕성,경상북도 영천시 채신동,24213,"연 및 아연 제련, 정련 및 합금 제조업 외 1 종",,,10
(주)덕성 제2공장,경상북도 영천시 채신동,24211,"동 제련, 정련 및 합금 제조업",,,2
(주)덕원산업,경상북도 영천시 금호읍,30399,그 외 자동차용 신품 부품 제조업 외 3 종,,,25
(주)두양정공,경상북도 영천시 채신동,30320,자동차 차체용 신품 부품 제조업,,,48
(주)드림텍,경상북도 영천시 채신동,20131,무기안료용 금속 산화물 및 관련 제품 제조업,,,12
(주)부영산업,경상북도 영천시 금호읍,20411,일반용 도료 및 관련제품 제조업,,,4
(주)비엠,경상북도 영천시 채신동,30331,자동차용 신품 동력전달장치 제조업,,,42
(주)삼원,경상북도 영천시 채신동,20493,접착제 및 젤라틴 제조업,,,35
(주)세계주철,경상북도 영천시 채신동,24131,주철관 제조업 외 4 종,,,3
(주)세원물산,경상북도 영천시 금호읍,30201,차체 및 특장차 제조업 외 3 종,,,200
(주)세원물산,경상북도 영천시 금호읍,30201,차체 및 특장차 제조업,,,50
(주)세원정공,경상북도 영천시 금호읍,30320,자동차 차체용 신품 부품 제조업 외 1 종,,,200
(주)스틸드림,경상북도 영천시 채신동,24199,그 외 기타 1차 철강 제조업,,,11
(주)승보스틸,경상북도 영천시 채신동,28111,전동기 및 발전기 제조업 외 1 종,,,29
(주)신라하이텍,경상북도 영천시 채신동,25119,기타 구조용 금속제품 제조업,,,44
(주)신라하이텍,경상북도 영천시 채신동,25119,기타 구조용 금속제품 제조업,,,0
(주)썬폴리폼,경상북도 영천시 금호읍,22251,폴리스티렌 발포 성형제품 제조업,,,0
(주)씨엠,경상북도 영천시 금호읍,29224,금속 성형기계 제조업 외 2 종,,,8
(주)아세아철강,경상북도 영천시 채신동,30320,자동차 차체용 신품 부품 제조업 외 2 종,,,31
(주)아스픽,경상북도 영천시 채신동,30399,그 외 자동차용 신품 부품 제조업,,,4
(주)알텍,경상북도 영천시 금호읍,28421,운송장비용 조명장치 제조업,,,55
(주)에스에이치레이저솔루션,경상북도 영천시 채신동,30320,자동차 차체용 신품 부품 제조업,,,15
(주)에슬린,경상북도 영천시 채신동,23129,기타 산업용 유리제품 제조업,,,6
(주)에슬린코리아,경상북도 영천시 채신동,23129,기타 산업용 유리제품 제조업,,,14
(주)에이스나노켐,경상북도 영천시 금호읍,20499,그 외 기타 분류 안된 화학제품 제조업 외 1 종,,,65
(주)에이에스피티,경상북도 영천시 금호읍,22231,"플라스틱 포대, 봉투 및 유사제품 제조업",,,33
(주)에이치디시,경상북도 영천시 금호읍,28113,에너지 저장장치 제조업,,,46
(주)에이치제이티,경상북도 영천시 채신동,31202,철도차량 부품 및 관련 장치물 제조업,,,8
(주)영진,경상북도 영천시 채신동,30399,그 외 자동차용 신품 부품 제조업 외 4 종,,,160
(주)영진,경상북도 영천시 채신동,30399,그 외 자동차용 신품 부품 제조업 외 1 종,,,50
(주)오성,경상북도 영천시 채신동,25113,육상 금속 골조 구조재 제조업 외 2 종,,,9
(주)올파렛트,경상북도 영천시 채신동,25999,그 외 기타 분류 안된 금속 가공 제품 제조업,,,9
(주)우양산업,경상북도 영천시 금호읍,24311,선철주물 주조업,,,36
(주)일신중전기,경상북도 영천시 채신동,28111,전동기 및 발전기 제조업 외 3 종,,,0
(주)제노메테리얼카본,경상북도 영천시 채신동,23995,탄소섬유 제조업,,,3
(주)제일금속,경상북도 영천시 채신동,30391,자동차용 신품 조향장치 및 현가 장치 제조업,,,80
(주)찬솔,경상북도 영천시 채신동,30331,자동차용 신품 동력전달장치 제조업,,,0
(주)창대,경상북도 영천시 금호읍,30320,자동차 차체용 신품 부품 제조업 외 1 종,,,26
(주)피에프에스,경상북도 영천시 채신동,29199,그 외 기타 일반목적용 기계 제조업,,,27
(주)한중엔시에스,경상북도 영천시 채신동,30399,그 외 자동차용 신품 부품 제조업 외 3 종,,,20
(주)한중엔시에스,경상북도 영천시 채신동,30399,그 외 자동차용 신품 부품 제조업 외 3 종,,,14
(주)한중엔시에스 제3공장,경상북도 영천시 금호읍,28113,에너지 저장장치 제조업,,,12
(주)현대티에스포장 영천지점,경상북도 영천시 채신동,30399,그 외 자동차용 신품 부품 제조업 외 1 종,,,1
21세기건기,경상북도 영천시 채신동,29241,건설 및 채광용 기계장비 제조업,,,7
그린라이팅,경상북도 영천시 채신동,28422,일반용 전기 조명장치 제조업,,,1
내외정밀,경상북도 영천시 채신동,29292,인쇄 및 제책용 기계 제조업,,,40
뉴월드,경상북도 영천시 채신동,29163,컨베이어장치 제조업 외 1 종,,,5
대달산업(주),경상북도 영천시 금호읍,20499,그 외 기타 분류 안된 화학제품 제조업 외 2 종,,,59
대상단조(주),경상북도 영천시 금호읍,25912,금속 단조제품 제조업,,,21
대한네트웍스 주식회사,경상북도 영천시 금호읍,25113,육상 금속 골조 구조재 제조업 외 1 종,,,30
두산기계산업,경상북도 영천시 금호읍,29169,기타 물품 취급장비 제조업 외 2 종,,,3
백운글로벌(주),경상북도 영천시 금호읍,25991,금속 캔 및 기타 포장용기 제조업,,,0
부광화학공업(주),경상북도 영천시 금호읍,20411,일반용 도료 및 관련제품 제조업,,,5
성창산업,경상북도 영천시 채신동,30399,그 외 자동차용 신품 부품 제조업 외 4 종,,,17
세계캐스팅(주),경상북도 영천시 채신동,24131,주철관 제조업 외 4 종,,,0
승전산업,경상북도 영천시 채신동,29241,건설 및 채광용 기계장비 제조업,,,1
에스엠화진(주) 7공장,경상북도 영천시 금호읍,30399,그 외 자동차용 신품 부품 제조업 외 3 종,,,61
우신특수강(주),경상북도 영천시 금호읍,25921,금속 열처리업 외 2 종,,,0
주식회사 그린텍 영천공장,경상북도 영천시 채신동,22199,그 외 기타 고무제품 제조업 외 1 종,,,5
주식회사 비케이,경상북도 영천시 채신동,29241,건설 및 채광용 기계장비 제조업,,,16
주식회사 에이치이엠파마 영천지점,경상북도 영천시 금호읍,21211,생물 의약품 제조업 외 1 종,,,9
주식회사 에이티씨,경상북도 영천시 채신동,31322,항공기용 부품 제조업,,,6
주식회사 이숲,경상북도 영천시 채신동,22193,고무 의류 및 기타 위생용 비경화 고무제품 제조업,,,8
주식회사 화신,경상북도 영천시 화산면,30391,자동차용 신품 조향장치 및 현가 장치 제조업 외 1 종,,,123
주식회사비피에이치코리아,경상북도 영천시 금호읍,25991,금속 캔 및 기타 포장용기 제조업,,,1
진양특수강(주),경상북도 영천시 채신동,25921,금속 열처리업,,,28
진양특수강(주),경상북도 영천시 채신동,24121,열간 압연 및 압출 제품 제조업,,,6
태형기공,경상북도 영천시 채신동,30399,그 외 자동차용 신품 부품 제조업 외 1 종,,,30
태화염업사,경상북도 영천시 채신동,20492,가공 및 정제염 제조업,,,3
파이토지노믹스 주식회사,경상북도 영천시 금호읍,21220,한의약품 제조업,,,62
한국자산관리공사,경상북도 영천시 금호읍,68112,비주거용 건물 임대업 외 1 종,,,0
한호에코스티(주),경상북도 영천시 금호읍,30331,자동차용 신품 동력전달장치 제조업,,,62
