연번,시도,시군구,읍면동,리,지번,기타지번,위도 도,위도 분,위도 초,경도 도,경도 분,경도 초,취약지역유형,소유별,취약지역 지정사유 및 목적,지정일
1,경상북도,영천시,화남면,온천리,산86임,,36,5,23.099,128,51,38.7,토석류,사유림,소규모 붕괴지가 다수 관찰되며 일부 암반층이 파괴된 곳이 있음. 계안침식이 활발히 일어나 구곡이 심화되고 있는 계류로 급격한 유량 증가시 토사에 의한 피해가 있다고 판단됨.,2015-07-20
2,경상북도,영천시,화남면,용계리,1117구,976임,36,7,13.925,128,51,34.16,토석류,사유림,사찰건물과 연접한 계류로 토사와 기타 퇴적물이 유동하고 있으며 우기 또는 집중호우시 추가적인 토석유출가능성이 높아 계류보전을 설치하여 피해를 예방하는 것이 적절한 것으로 판단됨,2016-06-29
3,경상북도,영천시,고경면,삼포리,산31-1임,산46,36,1,14.299,129,6,37.3,토석류,사유림,"본 계류는 전반적으로 기반암이 노출되어 있고 그 풍화도가 높으며 이에 따른 계안침식, 표층유실, 붕괴사면등이 관찰되고 계류 내 퇴적물이 유동하여 쌓인 퇴적지도 다수 관찰되므로 사방댐을 통해 하부 인가 및 도로에 안정성을 높이는 것이 적절한 것으로 판단됨",2016-06-29
4,경상북도,영천시,임고면,수성리,산61-7임,,36,2,18.2,129,7,34.6,토석류,사유림,"계류사면에 경사가 급하며 수목전도, 표층유실 등 위험요소가 관찰되는 계류로 취약지역으로의 선정을 제안함.",2018-12-21
5,경상북도,영천시,자양면,도일리,산49-1임,,36,6,25.712,129,5,26.256,토석류,사유림,계류 내 자갈 및 전석이 다수 존재하여 유동가능성이 높아 인가에 추가 피해가 우려됨. 따라서 취약지역으로 지정하여 관리하고자 함.,2017-06-29
6,경상북도,영천시,자양면,보현리,산103 산104,2145전,36,8,28.399,129,1,2.7,토석류,사유림,"본 계류는 지속적인 풍화로 인해 계류 황폐화가 유역 전반에 걸쳐 진행된 상태이며, 계류 주변부 급경사지에는 퇴적물들이 다수 분포하고 있어 지속적으로 본 계류에 유입되고 있는 상태이다. 장기적으로는 붕괴유실물들이 적치될 경우 집중호우등과 같은 외부적인 조건에 의해 계류수가 증가하면서 토석류의 형태로 발생될 가능성이 있으므로 취약지역으로 선정함",2014-09-06
7,경상북도,영천시,자양면,도일리,산151-1구 산151구,492천,36,5,36.599,129,5,31.7,토석류,사유림,본 조사지역은 황폐화가 진행 중인 유역으로 유출구하부로 인가밀집지가 존재하나 그에 따른 사방시설물이 없어 강우시 발생가능성이 높은 산사태 및 토석류에 무방비로 노출되어 발생 시 인명 및 재산피해가 클 것으로 예상됨.,2014-09-06
8,경상북도,영천시,화북면,죽전리,산103임,,36,8,49.198,128,55,7.182,산사태,사유림,주민이 불안과 불편을 호소하는 지역으로 강우 시 사면으로부터 유송잡물이 유출되어 인명과 재산을 위협하므로 산지사방을 설치해 이러한 피해를 예방하는 것이 타당하다 판단됨,2016-06-29
9,경상북도,영천시,서산동,,산190-6임,,35,58,51.088,128,53,30.965,토석류,사유림,퇴적암편이 배수기능을 저하시켜 월류로 인한 피해이력이 다수 존재하는 지역임. 주민이 취약지역으로 지정하여 대책마련을 요구하고 있음.,2017-06-29
10,경상북도,영천시,자양면,충효리,산116임,,36,6,28.699,129,3,50.1,토석류,사유림,본 조사지역은 황폐화가 진행 중인 유역으로 유출구하부로 인가밀집지가 존재하나 그에 따른 사방시설물이 없어 강우시 발생가능성이 높은 산사태 및 토석류에 무방비로 노출되어 발생 시 인명 및 재산피해가 클 것으로 예상됨.,2014-09-06
11,경상북도,영천시,신녕면,화남리,산162임,산142 산145 산289구 1146전,36,3,51.628,128,45,9.924,토석류,사유림,본 조사유역은 유출구를 중심으로 인가가 분포하고 있으며 강우에 의한 침식이 진행 중이다. 또한 계류 양안의 자연사면에서 식생중 일부가 계류 쪽으로 전도되는 현상이 발견되고 상부 위험사면에서 토석류 발생시 계류 하부에 존재하는 인가 및 인공경작지에 막대한 피해를 줄 것으로 예측되어 취약지역으로 선정함,2014-09-06
12,경상북도,영천시,신녕면,화남리,산39-1임,,36,4,9.799,128,45,59,토석류,사유림,좌측 사면으로 벌목이 되어 있지만 유목들은 그대로 방치됨,2015-07-20
13,경상북도,영천시,자양면,삼귀리,248임,,36,4,56.099,129,4,29.6,토석류,사유림,경작지 및 인가들이 인접해 있으며 우안으로 붕괴지가 위치해 있어 산사태 발생 우려지역으로 선정하여 관리가 필요할 것으로 생각됨.,2015-07-20
14,경상북도,영천시,화산면,당지리,1763구,793답,36,5,43.099,128,50,0.5,토석류,사유림,"본 계류는 황폐화가 진행되고 있는 유역으로 계류 내 퇴적물인 전석과 자갈이 퇴적되어 있고, 현재 부분적으로 세굴과 침식이 관측된다. 강우 시 유량이 상당히 많을 것으로 예상이 되며 상부사면에서 붕괴된 퇴적물이 물과 함께 빠르게 이동되어 계류 하부인가에 피해를 줄 수 있는 지역이므로 취약지역으로 선정함.",2014-09-06
15,경상북도,영천시,대창면,오길리,산68-6임,산68-3임 406임 407임 408임,35,52,38.797,128,55,49.294,토석류,사유림,사방 시설설치,2019-12-30
16,경상북도,영천시,임고면,수성리,산64임,산59-3,36,2,21.499,129,8,5,토석류,사유림,"계류 전반에 걸쳐 유송잡물 및 유목이 다수 분포하고 세굴, 침식이 다수 관찰되며 전도된 수목도 다수 존재해 집중호우 시 토석류가 발생할 가능성이 존재하므로 사방댐 설치가 필요할 것으로 사료됨",2016-06-29
17,경상북도,영천시,청통면,치일리,산25-1임,,36,0,11.998,128,45,31.041,토석류,사유림,"계류하상퇴적지 발달 및 계안침식, 표층유실, 토사 및 전석유출 등 토석류 발생에 취약한 지역으로 사방댐 설치를 통해 계류안정화가 필요할 것으로 사료됨",2016-06-29
18,경상북도,영천시,청통면,치일리,산25-1임,,35,59,43.978,128,46,4.826,토석류,사유림,"계류 전반에 걸쳐 퇴적물이 다수 분포하고 세굴, 유실, 침식이 다수 관찰되며 수목전도도 관찰되는 등 집중호우 시 토석류 발생 예방을 위하여 사방댐 설치가 필요하다고 사료됨",2016-06-29
19,경상북도,영천시,청통면,신덕리,산94,843 대,35,58,22.404,128,50,57.98,토석류,사유림,계류 양안 풍화 가 심하여 사면의 붕괴가 일어날 가능성이 높아 게류보전을 통하여 안전을 확보할 필요성이 있음,2014-09-06
20,경상북도,영천시,화남면,월곡리,산169임,,36,6,20.299,128,52,44.2,토석류,사유림,유출구 하부로 마을이 형성되어 있어 인가가 다수 분포되어 있으며 현재 세굴 등으로 인한 소규모 토사 유출현상으로 위험도는 낮으나 장기적인 측면을 고려한다면 세굴로 인하여 계류 주변 사면의 하부 지지력을 이탈시켜 붕괴로 이어질 가능성이 높아 취약지역으로 선정함,2014-09-06
21,경상북도,영천시,화산면,당지리,산97임,,36,4,47.499,128,49,42,토석류,사유림,"상류지역에 벌채지가 있어 토사유출이 활발하였으며, 여름철 국지성 집중호우로 인한 토사재해가 우려되는 재해취약지이며, 하류의 저수지와 농경지의 재해에 대한 피해감수성이 높기에 산사태 발생 우려지역으로 선정해야 한다고 판단됨",2015-07-20
22,경상북도,영천시,자양면,보현리,산88-1임,,36,8,58.399,129,1,40.6,토석류,사유림,계류 양안으로 침식이 발달한 불안정한 지역으며 일부구간에서는 양안의 사면이 침식 및 풍화등으로 연약해져 퇴적물들이 계류로 지속적으로 유입되고 있어 산사태 발생 우려지역으로 선정이 필요하다고 생각됨,2015-07-20
23,경상북도,영천시,청통면,신원리,산132임,,36,0,44.999,128,45,50,토석류,국유림,계안부의 침식피해가 진행 중이며 집중호우 시 계상 내 퇴적물이 유출될 경우 하부 호암쉼터에서 인적·물적 피해가 우려되는 지역이므로 사방사업을 통해 위험성을 해소할 필요성이 있다고 판단됨,2017-05-31
24,경상북도,영천시,신녕면,화남리,650임,,36,4,43.199,128,45,41.5,토석류,사유림,계류 주위 양안의 사변의 황폐화가 심각한 수준,2015-07-20
25,경상북도,영천시,신녕면,부산리,산24임,,36,3,12.299,128,45,7.9,토석류,사유림,우측사면의 풍화가 심하여 부스러지고 있음,2015-07-20
26,경상북도,영천시,임고면,삼매리,산133임,,36,5,17.046,128,58,34.413,토석류,사유림,"침식, 퇴적물 유목, 표층유실 등 위험요소가 다수 관찰되는 계류로 취약지역으로의 선정을 제안함.",2018-12-21
27,경상북도,영천시,자양면,도일리,산21임,,36,6,36.499,129,5,26.7,산사태,사유림,현재 사면에서 붕괴로 인해 퇴적물이 흘러 내리고 있으며 비포장 도로의 유실이 일어나고 있어 강우에 취약한 지역이므로 산사태 발생 우려지역선정이 필요하다고 생각됨,2015-07-20
28,경상북도,영천시,북안면,유상리,산46임,,35,54,27.099,128,58,42.8,토석류,사유림,월류의 흔적이 다수 관찰되어 과거 월류로 인한 피해가 예상됨. 퇴적암편으로 인해 배수기능이 저하되어 최단부와 주변 인가에 침수피해가 우려되어 취약지역으로 지정하여 관리하고자 함.,2017-06-29
29,경상북도,영천시,임고면,사리,420-1전,,36,2,48.6,129,4,50.099,토석류,사유림,침식으로 인해 토사유출이 관찰되고 있으며 과거 하부로 토사가 유하 되어 피해가 발생된 이력이 존재한 계류이므로 취약지역으로의 선정을 제안함.,2018-12-21
30,경상북도,영천시,임고면,수성리,산112-3임,,36,3,23.9,129,8,17.7,토석류,사유림,계안에 퇴적물이 다량 적치되어 있으며 일부 구간에서 유동흔적이 관찰됨. 하류부에 인가가 존재하여 토석류 발생 시 피해가 예상되므로 취약지역으로의 선정을 제안함.,2018-12-21
31,경상북도,영천시,자양면,보현리,산189-18,,36,8,11.547,129,0,57.363,토석류,사유림,"양안 사면에 붕괴가 발생한 구간 및 추가적인 붕기가 우려되는 구간, 전석이 다수 분포되어 있는 구간을 취약지역으로 선정할 필요가 있다고 생각됨.",2015-07-20
32,경상북도,영천시,화북면,죽전리,산42-1,757-1종,36,8,50.699,128,53,56.6,산사태,사유림,"하류부는 과거 붕괴된 비탈면으로 유출된 토사가하부의 구곡을 따라 이동하면서 양안의 침식범위를 확대하는 등 하부에 위치한 사찰시설과 도로시설, 농경지 등의 피해를 예방하고자 산사태 발생 우려지역으로 설정해야 한다고 판단됨",2014-09-06
33,경상북도,영천시,청통면,원촌리,산18임,,35,59,12.999,128,49,54,토석류,사유림,"계류 우측으로 표층유실, 수목전도가 관측되고 유출구 부근으로 강우 시 월류가 자주 발생해 취약지역으로 선정하여 관리할 필요가 있음",2017-06-29
34,경상북도,영천시,괴연동,,산94임,산92임 산94-2임 64-5대,35,53,23.821,128,58,6.683,토석류,사유림,사방시설설치,2019-12-30
35,경상북도,영천시,북안면,유상리,산55-1임,,35,54,6.165,128,58,54.915,토석류,사유림,최상부 사방댐이 존재하나 인가 주변의 계류에는 침식이 발달하여 퇴적물이 다수 형성되어 있는 상태임. 위험요소 제거를 위한 취약지역 지정이 필요하다고 판단됨.,2017-06-29
36,경상북도,영천시,청통면,치일리,산25-1,542-2전,35,59,35.144,128,45,56.753,토석류,사유림,"지속적 풍화로 계류 황폐화 진행, 계류 붕괴 유실시 하류 인가피해 우려",2014-09-06
37,경상북도,영천시,화북면,옥계리,산77임,,36,8,4.8,128,55,36.099,토석류,사유림,"침식이 계류 내 발달하였으며, 유목, 전석 등이 적치되어 있으므로 취약지역으로의 선정을 제안함",2018-12-21
38,경상북도,영천시,신녕면,치산리,산255천,,36,2,25.499,128,43,7.78,토석류,사유림,"계류 내 사면에서 침식이 발생하고 있으며, 전체적으로 대상지 내 사면이 축축한 편으로 강우 시 유량의 증가로 인해 사면침식이 더 활발해져 토석류 및 산사태 발생가능성이 있을 것이라고 판단되므로 취약지역으로 선정함.",2014-09-06
39,경상북도,영천시,자양면,노항리,산49-16임,,36,3,48.599,129,3,12.5,토석류,사유림,지류의 합류로 강우 시 유량이 많을 것으로 예상되며 토석류의 가능성이 있는 지역으로 산사태 발생 우려지역으로 선정하여 유지 및 관리가 필요할 것으로 사료됨.,2015-07-20
40,경상북도,영천시,화남면,구전리,953구,,36,6,17.599,128,50,40.9,토석류,사유림,유출구를 중심으로 인가가 분포하고 있으며 집중호우시 다량의 계류수 유입에 따라 계류 내 적치되어 있는 퇴적물이 계류 하류로 이동하여 피해를 줄 가능성이 있으므로 산사태 발생 우려지역으로 선정이 필요하다고 생각됨.,2015-07-20
41,경상북도,영천시,임고면,사리,산90임,,36,2,31.256,129,5,5.595,토석류,사유림,퇴적암의 풍화가 발달하여 발생된 암편이 배수기능을 저하시키고 있음. 또한 월류피해가 우려되는 지역으로 취약지역으로 지정하여 인명ㆍ재산피해를 예방하고자 함.,2017-06-29
42,경상북도,영천시,화북면,용소리,산65,,36,8,57.056,128,56,14.249,토석류,사유림,보현산 다목적댐의 만수위 상류부를 취약지역으로 선정하여 관리할 필요가 있는 지역이라고 사료됨.,2015-07-20
43,경상북도,영천시,화남면,용계리,352전,,36,7,38.299,128,52,47,산사태,사유림,붕괴된 사면도 있고 붕괴 위험성이 있는 사면이 연장선상에 있어 산사태 발생 우려지역으로 선정이 필요하다고 생각되어 산사태 발생 우려지역으로 선정해야 한다고 생각됨,2015-07-20
44,경상북도,영천시,북안면,용계리,산35임,,35,52,10,129,0,24,토석류,사유림,"계류 내 자갈, 모래 등 퇴적물의 분포비율이 높고 유수에 의한 유동흔적이 관찰됨. 암반이 노출되어 있으나 풍화도가 매우 높은 구간이 있어 계류 내부로 토석이 유입되고 있음. 그 외 표층유실, 식생의 뿌리노출이 관찰됨.",2018-12-21
45,경상북도,영천시,자양면,용산리,산46-1임,,36,5,27.899,129,2,16.3,토석류,사유림,현재 계류 곳곳에 퇴적물의 이동흔적이 보이며 하부 인가와 인접해있어 산사태 발생 우려지역으로의 선정 및 관리가 필요하다고 생각됨.,2015-07-20
46,경상북도,영천시,대창면,용호리,산104임,,35,50,22.999,128,56,19,토석류,사유림,계류 내부로 퇴적물적치구간이 다수 존재하고 유동흔적이 관측되며 상부의 거암으로 인해 강우 시 월류 피해가 발생하고 있는 지역으로 취약지역으로 선정함,2017-06-29
47,경상북도,영천시,자양면,신방리,산5임,,36,4,1.809,129,4,26.157,토석류,사유림,도로와 다수의 인가들이 하부에 분포하고 있어 산지재해시 피해 발생이 우려되는 지역으로 산사태 발생 우려지역으로 설정하여 관리가 필요하다고 사료됨.,2015-07-20
48,경상북도,영천시,신녕면,부산리,산15임,,36,3,7.499,128,45,11.6,토석류,사유림,퇴적물이 많으며 수목이 계류 쪽으로 전도되어 추후 퇴적물과 유목으로 인한 하부의 피해가 예상됨,2015-07-20
49,경상북도,영천시,화북면,하송리,산32임,,36,10,15.699,128,55,31.8,토석류,사유림,본 조사지역은 황폐화가 진행 중인 유역으로 유출구하부로 다수의 인가가 존재하나 그에 따른 예방사방시설물이 없어 강우 시 발생할 수 있는 산사태 및 토석류에 무방비로 노출되어 발생 시 인명 및 재산피해가 있을 것으로 예상됨.,2014-09-06
50,경상북도,영천시,고경면,부리,산89-1임,,35,58,7.499,129,2,46.699,토석류,사유림,"수목전도, 침식, 표층유실 등 위험요소가 산재되어 있음.",2018-12-21
51,경상북도,영천시,신녕면,매양리,산92임,,36,1,49.999,128,46,1,토석류,사유림,계류 내 유송잡물 및 퇴적물이 적치되어 있어 배수상태가 불량한 계류로 취약지역으로 선정하여 관리함이 적절할 것으로 사료됨.,2017-06-29
52,경상북도,영천시,신녕면,부산리,산122구,,36,3,15.199,128,44,35.4,토석류,사유림,본 조사지역은 황폐화가 진행 중인 유역으로 유출구하부로 인가밀집지가 존재하나 그에 따른 사방시설물이 없어 강우시 발생가능성이 높은 산사태 및 토석류에 무방비로 노출되어 발생 시 인명 및 재산피해가 클 것으로 예상됨.,2014-09-06
53,경상북도,영천시,화남면,용계리,산14임,,36,8,18.999,128,53,29,토석류,사유림,유수에 의해 토사가 유출됨에 따라 불안정한 계류를 정비하고 계류환경을 개선 할 필요가 있음.,2017-06-29
54,경상북도,영천시,화산면,당지리,산47-1임,742임,36,5,34.386,128,50,19.305,토석류,사유림,"인가와 농경지 인근에 위치한 계류로 강우시 붕괴지확장, 토사 및 암석의 유출 등이 예상되어 계류보전을 시공함으로서 피해를 예방하는 것이 적절할 것으로 사료됨",2016-06-29
55,경상북도,영천시,자양면,충효리,산144구 산145도,산145도 200임,36,7,5.399,129,3,33.5,토석류,사유림,본 계류는 황폐화가 진행되고 있는 유역으로 계류 내 퇴적물인 전석과 자갈이 퇴적되어 있고 부분적으로 세굴과 침식이 관측된다. 강우 시 유량이 상당히 많을 것으로 예상이 되며 상부사면에서 붕괴된 퇴적물이 물과 함께 빠르게 이동되어 계류 하부인가에 피해를 줄 수 있는 지역임,2014-09-06
56,경상북도,영천시,신녕면,화서리,산192임,,36,4,30.499,128,43,54.6,토석류,사유림,계류가 전반적으로 암반으로 이루어져 있으며 대체적으로 심하게 풍화되어 떨어져 나온 퇴적물이 계류 안쪽에 있음,2015-07-20
57,경상북도,영천시,화남면,용계리,산24임,,36,8,18.998,128,53,3.041,토석류,사유림,주민이 불안과 불편을 호소하는 지역으로 강우 시 퇴적물유동이 활발하고 월류 및 계안침식작용이 관찰되어 기슭막이 및 바닥막이와 같은 계류보전시설을 설치해 피해를 예방하는 것이 적절한 것으로 판단됨,2016-06-29
58,경상북도,영천시,대창면,용호리,974구,,35,50,32.099,128,56,33,토석류,사유림,상부에서 유출구까지 붕적층대에서 침식이 진행되고 있으며 장기적으로 계류의 골이 깊어져 계류벽 토층의 지지력이 저하되어 결국 붕괴될것으로 판단되므로 취약지역으로 선정함.,2014-09-06
59,경상북도,영천시,화북면,법화리,567구,산89구,36,9,44.799,128,57,3.7,토석류,사유림,대상조사지의 사면 일부 식생이 계류방향으로 전도되어 있어 잠재적인 위험성을 가지고 있음에 따라 재산 및 인명피해가 우려되는 지역이며 계류 내 전석 및 자갈의 분포는 상대적으로 낮지만 계류 내 유수로 인한 지속적인 침식 및 세굴이 반복적으로 이루어 질 것으로 예상되어 취약지역으로 선정함,2014-09-06
60,경상북도,영천시,자양면,도일리,산100 산103-1,107-3전,36,5,49.799,129,5,21.6,토석류,사유림,본 조사지역은 황폐화가 진행 중인 유역으로 유출구하부로 다수의 인가가 존재하나 그에 따른 예방사방시설물이 없어 강우 시 발생할 수 있는 산사태 및 토석류에 무방비로 노출되어 발생 시 인명 및 재산피해가 있을 것으로 예상됨.,2014-09-06
61,경상북도,영천시,자양면,보현리,산163임,,36,8,22.799,129,0,27.6,토석류,사유림,계류내에 퇴적된 퇴적물이 쌓여있는 것으로 보이며 이미 상부계류에서 전석들도 많이 쓸려 내려온 것으로 보여짐. 때문에 집중호우시 피해가 우려되어 산사태 발생 우려지역으로 지정되어야 할 것으로 사료됨.,2015-07-20
62,경상북도,영천시,북안면,상리,산100임,,35,50,33,128,59,2.999,토석류,사유림,"계류 내 세굴, 침식발생구간이 일부 관찰되고 있으며 기존에 적치되어 있는 퇴적물로 인하여 계류의 흐름이 원활하지 않아 정리가 필요하다고 판단됨.",2018-12-21
63,경상북도,영천시,대창면,오길리,산115임,,35,52,0.599,128,55,25.1,토석류,사유림,중간부부터 최상부는 기반암지대이고 그 위로 큰 저수지(가곡지)존재함,2015-07-20
64,경상북도,영천시,신녕면,화남리,산32임,,36,4,8.299,128,46,7.6,토석류,사유림,중간부 부분까지 토석류가 실제 일어났던 지역,2015-07-20
65,경상북도,영천시,자양면,보현리,산231임,,36,7,46.799,129,2,46.5,토석류,사유림,계류부 인접 인가가 존재하고 있으며 강우 시 토사가 지속적으로 유실되고 있고 또한 전석과 자갈이 다수 분포하고 있어 집중호우 시 계류수의 유속과 유량이 증가할 경우 하부로 퇴적물이 유입될 가능성이 있으므로 산사태 발생 우려지역으로 선정해야 할 것으로 판단됨,2015-07-20
66,경상북도,영천시,자양면,보현리,2718구,,36,8,7.478,129,2,44.915,토석류,사유림,"계류 내 계류수가 항시 존재하고 집중호우로 인하여 현재 계류 곳곳에 퇴적물의 이동흔적이 남아있고, 특히 최단부 부근의 계상에는 상류에서 이동되어진 전석 및 자갈 등이 퇴적되어 있으므로 그대로 방치해 놓으면 강우에 의해 2차 피해가 우려됨.",2015-07-20
67,경상북도,영천시,화북면,정각리,4과,,36,9,19.399,128,59,49.9,토석류,사유림,"장기간 지속된 토사유출로 유로의 형상이 불안정한 상태였으며, 때문에 유수의 범람이 빈발하고 있었다. 계류의 퇴행이 진행되면서 암석편의 유출과 계류의 종·횡침식이 심화되고 있는 상태로, 유로의 협착부와 계간침식지, 지류와의 합류점에 적체된 토석이 호우 시 유출될 경우, 토석류와 같은 유동형 산사태의 발생이 우려되므로 산사태 발생 우려지역으로 선정해야 한다고 생각함",2015-07-20
68,경상북도,영천시,화남면,안천리,산2-1임,,36,5,28.599,128,51,58.5,토석류,사유림,전체적인 침식이 보이고 있으며 붕괴지가 곳곳에 나타나고 있으며 추가 붕괴가 있을 것으로 판단되어 산사태 발생 우려지역으로 선정이 필요 하다고 생각됨,2015-07-20
69,경상북도,영천시,화북면,정각리,산214-1임,,36,8,44.938,128,59,45.54,토석류,사유림,"계류 내 식생밀도는 높으나 계안침식, 표층유실로 인한 붕괴지가 존재하고 강우시 토사가 유출되며 계류 내 적치된 유송잡물과 함께 토석류화 될 수 있으므로 계류보전을 설치해 하부 인가, 도로를 보호하는 것이 적절하다 사료됨",2016-06-29
70,경상북도,영천시,고경면,청정리,산118임,산116-1,35,58,38.312,129,6,30.551,토석류,사유림,계류 내부로 퇴적물분포비율이 높고 계류수에 의한 유동된 흔적과 계안침식흔적이 관찰되고 표층유실로 인한 토사유출의 정도가 심각하므로 사방댐을 설치하는 것이 적절하다 판단됨,2016-06-29
71,경상북도,영천시,임고면,사리,567유,,36,2,52.7,129,3,55.099,토석류,사유림,지류 합류구간에서 퇴적물이 다량 적치되어 있으며 하부에 도로가 존재하여 재산피해가 예상됨에 따라 취약지역으로의 선정을 제안함.,2018-12-21
72,경상북도,영천시,화북면,입석리,산77임,,36,8,49.099,128,57,35.1,토석류,사유림,본 조사지역은 황폐화가 진행 중인 유역으로 유출구하부로 다수의 인가가 존재하나 그에 따른 예방사방시설물이 없어 강우 시 발생할 수 있는 산사태 및 토석류에 무방비로 노출되어 발생 시 인명 및 재산피해가 있을 것으로 예상됨.,2014-09-06
73,경상북도,영천시,자양면,충효리,산48-1임,,36,5,52.299,129,4,16.4,토석류,사유림,계안 붕괴지는 비교적 적은 상태이나 계상에 퇴적물의 분포 비율이 높은 상태로 하부 인가로의 피해 발생이 우려되므로 산사태 발생 우려지역으로의 선정이 필요하다고 생각됨.,2015-07-20
74,경상북도,영천시,신녕면,연정리,산34,,36,4,49.813,128,49,0.586,토석류,사유림,사방사업시행,2018-12-28
75,경상북도,영천시,자양면,도일리,산13-1임,산8-1임 262전,36,6,53.834,129,5,8.288,토석류,사유림,사방시설설치,2019-12-20
76,경상북도,영천시,화북면,입석리,680천,,36,8,27.935,128,57,10.611,토석류,사유림,보현산 다목적댐의 만수위 상류부를 취약지역으로 선정하여 관리할 필요가 있는지역이라고 사료됨.,2015-07-20
77,경상북도,영천시,청통면,신원리,산136-3임,,36,0,48.824,128,45,40.459,토석류,사유림,"계류 내 붕괴지가 있고 침식, 세굴, 표층유실 등으로 인해 토사가 지속적으로 유실되고 있어 취약지역으로 선정해 관리할 필요가 있음",2017-06-29
78,경상북도,영천시,고경면,덕정리,산43-1임,,35,55,43.404,129,7,15.119,토석류,사유림,사면에서 지속적으로 토사와 암편이 유입되고 있으며 평소 유량이 많아 퇴적물의 유동이 잦다는 주민의견이 있음. 따라서 취약지역으로 지정하여 하부 축사와 인가의 인명ㆍ재산피해를 예방하고자 함.,2017-06-29
79,경상북도,영천시,임고면,사리,산186-1임,,36,2,42,129,5,2.5,토석류,사유림,"계류 내 퇴적물 적치 비율이 높고, 토석의 유동흔적이 관찰되고 있으므로 취약지역으로의 선정을 제안함.",2018-12-21
80,경상북도,영천시,대창면,구지리,산132-1,,35,51,44.581,128,52,54.647,토석류,사유림,좌안 사면의 경사가 급하며 사면의 모암의 풍화가 심하여 토석들이 계류로 지속적으로 유입되고 있음. 또한 붕괴지가 강우 등의 요인으로 인하여 확장될 가능성이 있어 취약지역으로의 선정이 필요하다고 사료됨.,2015-07-20
81,경상북도,영천시,고경면,삼포리,산103-2 임,,36,1,50.099,129,7,20,토석류,사유림,계류가 전체적으로 황폐화되어 있으며 계속 진행중,2015-07-20
82,경상북도,영천시,화북면,입석리,662구,,36,8,42.099,128,58,12.6,토석류,사유림,지정,2014-09-06
83,경상북도,영천시,자양면,용산리,산15-1임,,36,5,27.099,129,2,6.1,토석류,사유림,"본 계류는 황폐화가 진행되고 있는 유역으로 계류내 퇴적물인 전석과 자갈이 퇴적되어 있으며, 붕괴가 발생한 상태이며, 집중호우시 상부사면에서 붕괴된 퇴적물이 물과 함께 빠르게 이동되어 계류 하부인가에 피해를 줄 수 있는 지역으로 판단되어 산사태 발생 우려지역으로의 선정이 필요하다고 생각됨",2015-07-20
84,경상북도,영천시,자양면,신방리,산38임,,36,4,10.699,129,4,56.9,토석류,사유림,하부에 마을이 형성되어 다수의 인가들이 위치하고 있으며 토석류의 발생 가능성이 있는 지역으로 산사태 발생 우려지역으로의 선정 및 관리가 필요하다고 사료됨.,2015-07-20
85,경상북도,영천시,임고면,수성리,산115-1임,,36,3,18.3,129,8,8.599,토석류,사유림,"조사 시점부근으로 퇴적지가 발달하였으며 계안에 표층유실, 침식 등 위험요소가 관찰되므로 취약지역으로의 선정을 제안함.",2018-12-21
86,경상북도,영천시,화북면,정각리,산100-3 산240구,1400대,36,7,53.276,128,58,58.358,토석류,사유림,본 조사지역은 황폐화가 진행 중인 유역으로 유출구하부로 인가밀집지가 존재하나 그에 따른 사방시설물이 없어 강우시 발생가능성이 높은 산사태 및 토석류에 무방비로 노출되어 발생 시 인명 및 재산피해가 클 것으로 예상됨.,2014-09-06
87,경상북도,영천시,고경면,도암리,산43-3 임,,35,59,58.176,129,0,8.491,토석류,사유림,수류탄 교장이기 때문에 폭발 후 하부로 토석류가 발생할 수 있으므로 사방댐으로 하부의 인가 보호,2015-07-20
88,경상북도,영천시,자양면,보현리,산111-1임,,36,8,43.199,129,1,48.2,토석류,사유림,계류 전체적으로 침식 및 붕괴가 발달하고 양안의 사면이 침식 및 풍화등으로 연약해져 퇴적물들이 계류로 지속적으로 유입되고 있어 산사태 발생 우려지역의 선정이 필요하다고 생각됨,2015-07-20
89,경상북도,영천시,고경면,파계리,산102,,35,58,14.194,129,6,40.109,토석류,사유림,퇴적물분포비율이 높고 계류수에 의한 유동된 흔적과 계안침식흔적이 관찰되고 표층유실로 인한 토사유출이 관측되므로 사방댐을 설치하는 것이 적절하다 판단됨,2016-06-29
90,경상북도,영천시,자양면,보현리,368답,,36,7,43.041,129,2,58.039,토석류,사유림,침식이 발생된 구간 및 추가적인 침식이 발생될 것으로 예상되는 구간을 취약지역으로 선정함이 적절하다고 생각됨.,2015-07-20
91,경상북도,영천시,화북면,하송리,105구 산78임 632구,582답,36,9,44.129,128,55,7.174,토석류,사유림,본 조사지역은 황폐화가 진행 중인 유역으로 유출구하부로 인가밀집지가 존재하나 그에 따른 사방시설물이 없어 강우시 발생가능성이 높은 산사태 및 토석류에 무방비로 노출되어 발생 시 인명 및 재산피해가 클 것으로 예상됨.,2014-09-06
92,경상북도,영천시,자양면,신방리,산80임 산79임,,36,4,27.399,129,5,54.1,토석류,사유림,본 조사지역은 황폐화가 진행 중인 유역으로 유출구하부로 인가밀집지가 존재하나 그에 따른 사방시설물이 없어 강우시 발생가능성이 높은 산사태 및 토석류에 무방비로 노출되어 발생 시 인명 및 재산피해가 클 것으로 예상됨.,2014-09-06
93,경상북도,영천시,청통면,치일리,산25-1임,,35,59,44.998,128,46,1.041,토석류,사유림,"유역면적이 넓고 퇴적물이 다수 분포하고 세굴, 유실, 침식이 다수 관찰되며 수목전도도 관찰되는 등 집중호우 시 토석류 발생 예방을 위하여 사방댐 설치가 필요하다고 사료됨",2016-06-29
94,경상북도,영천시,화산면,당지리,산148구,685임,36,5,30.998,128,50,24.041,토석류,사유림,최단부 주변 경작지 기슭의 유실이 진행 중이고 암반풍화도가 높으며 그 외 위험요소들로 인해 강우 시 인명 및 재산피해가 우려되므로 계류보전사업이 필요한 것으로 사료됨,2016-06-29
95,경상북도,영천시,신녕면,화서리,산217임,,36,4,38.199,128,43,51,토석류,사유림,전반적으로 좌측 사면의 풍화가 심하여 붕괴된 부분이 존재하여 추후 강우시 사면의 포화로 인하여 추가적인 붕괴가 우려됨,2015-07-20
96,경상북도,영천시,신녕면,화남리,1451구,,36,4,54.2,128,46,13.599,토석류,사유림,"누구침식 및 계상퇴적지가 발달하였으며, 전석 및 유목 등이 관찰되므로 취약지역으로의 선정을 제안함",2018-12-21
97,경상북도,영천시,화남면,구전리,산21임,,36,6,32.899,128,51,44.2,토석류,사유림,계안침식이 활발히 일어나 구곡이 심화되고 있는 계류로 급격한 유량 증가시 토사에 의한 피해가 있다고 판단되어 산사태 발생 우려지역으로 선정해야 할 것으로 사료됨,2015-07-20
98,경상북도,영천시,화남면,온천리,산12임,,36,5,4.499,128,51,40.9,토석류,사유림,계류 전반적으로 소규모 붕괴지가 다수 관찰되며 일부 암반층이 파괴된 곳이 있음. 계안침식이 활발히 일어나 구곡이 심화되고 있는 계류로 급격한 유량 증가시 토사에 의한 피해가 있다고 판단되어 산사태 발생 우려지역으로 선정이 필요 할 것으로 사료됨,2015-07-20
99,경상북도,영천시,임고면,수성리,산308구,,36,3,59.899,129,7,24.7,토석류,사유림,벌채로 인한 산림토양의 물리적 안정성이 약화됨에 따라 유출계수가 높아 강우 시 빗물의 빠른 유출이 예상되며 계류내 전석 자갈 등 퇴적물에 의한 계상상으로 강우 시 통수에 어려움이 예상되어 산사태 및 토석류 위험이 있기에 산사태 발생 우려지역으로 선정해야 한다고 사료됨,2015-07-20
100,경상북도,영천시,북안면,상리,산162구,산123임,35,50,40.938,128,59,0.402,토석류,사유림,본 유역은 지반이 취약하며 기슭에서의 유실오 인한 토사유출로 재산피해가 우려되므로 배수시설 또는 사방시설을 설치하여 인명 및 재산피해를 예방하는 것이 적절할 것으로 판단됨,2016-06-29
101,경상북도,영천시,자양면,삼귀리,산83임,,36,5,2.299,129,3,54.2,토석류,사유림,계류 양안으로 침식이 발달하여 토석들이 지속적으로 유입되고 있어 계상 내 퇴적물의 비율이 높은 것으로 조사되었음. 강우 시 유량이 늘어나면 토석류로 발전 할 가능성이 있음.,2015-07-20
102,경상북도,영천시,신녕면,치산리,산255천,,36,2,37.539,128,42,37.354,토석류,사유림,토석류 지정,2014-09-06
103,경상북도,영천시,자양면,충효리,산3-1임,,36,7,27.563,129,3,22.899,토석류,사유림,최단부부터 계류 상부까지 다량의 퇴적물이 존재하지만 배수기능이 원활하지 못해 하부 도로에 피해가능성이 높아 취약지역으로 지정을 추천함.,2018-12-21
104,경상북도,영천시,자양면,보현리,산32임,,36,8,20.699,129,3,0.8,토석류,사유림,현재 계류 내 침식 및 퇴적물의 이동이 관찰되며 계류수로 인한 계안의 측방침식이 발생하는 것으로 보아 집중호우시 하류부에 위치한 인가 및 시설물에 퇴적물로 인한 피해가 있을 것으로 판단되므로 취약지역으로 선정함.,2014-09-06
105,경상북도,영천시,자양면,충효리,산77임,,36,5,52.999,129,2,54.5,토석류,사유림,본 조사지역은 황폐화가 진행 중인 유역으로 유역 영향권 내 인가밀집지가 존재하나 그에 따른 사방시설물이 없어 강우시 발생가능성이 높은 산사태 및 토석류에 무방비로 노출되어 발생 시 인명 및 재산피해가 클 것으로 예상됨.,2014-09-06
106,경상북도,영천시,화북면,법화리,567구,,36,9,45.199,128,57,5.5,토석류,사유림,하류 인가등 보호대상이 있어 취약지역으로 지정,2014-09-06
107,경상북도,영천시,화북면,하송리,100-2과,,36,9,1.454,128,55,42.224,토석류,사유림,보현산 다목적댐의 만수위 상류부를 취약지역으로 선정하여 관리할 필요가 있는 지역이라고 사료됨.,2015-07-20
108,경상북도,영천시,화북면,하송리,산108임,,36,9,41.599,128,55,25.5,토석류,사유림,"계류 붕괴지가 다수 보이고 있으며 양안의 사면에서 유송잡물의 유입이 많고, 강우에 의한 세굴 및 침식에 매우 취약 할 것으로 판단됨에 따라 산사태 발생 우려지역으로 선정이 필요하다고 생각됨",2015-07-20
109,경상북도,영천시,화북면,상송리,산51임,산42-3,36,9,56.399,128,54,16.6,토석류,사유림,계류 전반에 걸쳐 퇴적물의 비율이 높고 양안으로 인가가 존재해 집중호우 시 토석류 발생예방을 위하여 사방댐설치가 필요할 것으로 사료됨,2016-06-29
110,경상북도,영천시,화남면,온천리,산7임,,36,5,8.899,128,51,46.8,토석류,사유림,계상에 침식이 길게 나타나고 크고작은 붕괴지도 보인다. 사면에서 유입된 퇴적물로 인하여 통수능력 감소되어 있기에 산사태 발생 우려지역으로 선정해야 할 것으로 판단됨,2015-07-20
111,경상북도,영천시,청통면,신원리,산189천,,36,0,39.803,128,45,7.418,토석류,사유림,계안 침식 계속 진행되고 있으며 퇴적물 분포 비율도 높아 강우시 토석류에 의한 하류 피해 우려,2014-09-06
112,경상북도,영천시,화남면,구전리,802임,산62임 796목 797답 801답 산63임,36,5,57.625,128,51,22.031,토석류,사유림,사방사업시행,2019-12-30
113,경상북도,영천시,화남면,용계리,산34-1임,,36,7,50.599,128,52,48,토석류,사유림,"토사 유실이 진행 중이며, 집중호우 시 토석류 발생 가능성이 있어 산과 인접한 도로 및 농경지 등의 피해를 예방하고자 사방댐 설치가 필요하여 산사태 발생 우려지역으로 선정해야 한다고 판단됨",2015-07-20
114,경상북도,영천시,자양면,신방리,산79임 산80임,,36,4,27.894,129,5,56.829,토석류,사유림,토석류의 가능성이 있는 지역으로 인가가 인접해 있어 피해가 우려되는 바 산사태 발생 우려지역 선정이 필요하다고 생각됨.,2015-07-20
115,경상북도,영천시,북안면,임포리,산47임,,35,54,41.757,128,59,30.451,토석류,사유림,"암반풍화도가 높은 구간이 다수 존재하고 양 기슭으로 토사유출량이 많음. 그 외 침식, 표층유실, 붕괴 등 위험요소가 산재되어 있어 취약지역으로의 선정이 필요하다 판단됨.",2018-12-21
116,경상북도,영천시,고경면,창상리,110-1체,,35,59,38.796,128,59,24.649,산사태,사유림,"본 사면은 토층의 심도가 깊어 강우 시 사면의 하방, 측방 침식에 매우 취약한 형태를 보이고 있으며 현재 세굴 등으로 인한 소규모 토사 유출현상으로 위험도는 낮으나 장기적인 측면을 고려해 보면 세굴로 인하여 사면의 하부 지지력을 이탈시켜 붕괴로 이어질 가능성이 높음.",2015-07-20
117,경상북도,영천시,신녕면,화남리,산32임,,36,4,9.099,128,46,15.5,토석류,사유림,토석류 지정,2014-09-06
118,경상북도,영천시,청통면,신원리,산136-2임,,36,0,49.094,128,45,35.432,토석류,사유림,유역면적에 비해 유출구 부근으로 계류의 규모가 작아 월류발생가능성이 높은 지역으로 취약지역으로 선정할 필요성이 있음,2017-06-29
119,경상북도,영천시,고경면,오룡리,산150임,,36,1,0.7,129,7,22.299,토석류,사유림,심한 풍화로 인해 침식과 표층유실이 발달하였으며 퇴적물 분포비율이 높은 계류로서 하부로 유출될 경우 피해가 예상되므로 취약지역으로의 선정을 제안함.,2018-12-21
120,경상북도,영천시,자양면,보현리,산23임,,36,8,4.71,129,3,6.604,토석류,사유림,전석이 적치되어 있는 구간 및 붕괴가 발생한 구간을 취약지역으로 설정이 필요하다고 생각됨.,2015-07-20
121,경상북도,영천시,북안면,내포리,산14임,,35,56,0,129,1,4,토석류,사유림,"계류 양안이 급경사를 형성하고 있고 높이가 높으며 토심이 깊음. 좌, 우측 및 바닥부 침식이 발달하고 있고 수목전도 및 유목이 다수 적치되어 있음. 붕괴지가 관찰됨.",2018-12-21
122,경상북도,영천시,신녕면,화남리,산30임,,36,4,7.499,128,46,27.1,토석류,사유림,지정,2014-09-06
123,경상북도,영천시,화북면,입석리,443과,448과 449전 446전 375답,36,8,5.176,128,57,8.201,토석류,사유림,사방사업신청,2019-12-30
124,경상북도,영천시,화북면,입석리,산31임,,36,8,1.099,128,57,12.8,토석류,사유림,유송잡물이 계류 내 적치되어 있으며 이로 인해 계류가 막힌 구간이 존재하고 지반이 취약하여 세굴 및 유실로 인한 토사유출이 빈번히 발생하므로 취약지역으로 선정함,2016-06-29
125,경상북도,영천시,화남면,용계리,산41임,,36,7,48.999,128,52,9,토석류,사유림,"계류 내부로 퇴적물 분포비율이 높고 유동흔적이 관측되며 유목이 다수 존재하고 그 외 표층유실, 수목전도현상이 관측되어 취약지역으로 선정함",2017-06-29
126,경상북도,영천시,화남면,용계리,산17임,산16임,36,8,18.998,128,53,7.041,토석류,사유림,인가와 농경지 인근에 위치한 계류로 폭이 협소하고 높이가 낮아 월류할 가능성이 존재하고 하부의 임도와 인가의 인명 및 재산피해를 예방하기 위해 시설물 설치가 필요할 것으로 사료됨,2016-06-29
127,경상북도,영천시,화남면,구전리,산21임,,36,6,44.899,128,51,40.9,토석류,사유림,계류 전반적으로 소규모 붕괴지가 다수 관찰되며 일부 암반층이 파괴된 곳이 있음. 계안침식이 활발히 일어나 구곡이 심화되고 있는 계류로 급격한 유량 증가시 토사에 의한 피해가 있다고 판단됨.,2015-07-20
128,경상북도,영천시,고경면,삼포리,산188구,,36,1,42.999,129,7,6.9,토석류,사유림,거대한 붕괴지와 그로인해 쓰러진 유목들로 막혀진 계류때문에 최단부로부터 100M만 조사 진행,2015-07-20
129,경상북도,영천시,자양면,용산리,산37임,,36,6,21.699,129,2,16.6,토석류,사유림,"평가지점 하류에 저수지가 위치하고 있고 계류의 황폐화로 인한 토사유출로 하류 주거지역이 재해에 노출된 상태이므로, 적정규모의 방재시설이 필요하였고 아울러 민원인의 사업요청도 있었던 지역이므로 산사태 발생 우려지역으로 선정이 필요하다고 생각됨",2015-07-20
130,경상북도,영천시,자양면,삼귀리,844구,,36,4,56.397,129,4,48.02,토석류,사유림,주민들의 생활용수로 사용되는 저수시설이 퇴적물 유입으로 인해 피해를 입음. 추가적인 퇴적물의 유입을 억제하고자 취약지역으로 지정을 제안함.,2017-06-29
131,경상북도,영천시,자양면,보현리,산42임,,36,8,19.899,129,2,9.9,토석류,사유림,중간부외 최상부에 퇴적물이 많이 쌓여 있어 강우시 하류부로 퇴적물이 이동하여 하류부에 위치하는 시설물 및 인명 피해가 발생될 가능성이 있기에 산사태 발생 우려지역으로 선정이 필요하다고 생각됨,2015-07-20
132,경상북도,영천시,북안면,상리,산37-3임,,35,50,45,128,59,44.999,토석류,사유림,양안에서 침식이 발생한 상태로 수목이 전도되어 있으며 퇴적물이 유동되고 있으므로 취약지역 선정이 필요하다고 판단됨.,2018-12-21
133,경상북도,영천시,청통면,신원리,611임,산180,36,1,16.399,128,45,48.9,토석류,사유림,"유역이 넓은 계류로 계류수가 항시 존재하고 유역 내 퇴적물이 다량 적치된 구간, 뿌리노출, 수목전도 등 위험요소들이 존재하므로 취약지역으로 선정함",2016-06-29
134,경상북도,영천시,화남면,월곡리,산127임,,36,6,34.999,128,52,10,토석류,사유림,계류 내 유송잡물이 다량 존재하고 강우 시 다량의 계류수와 퇴적물이 떠내려와 연지사가 큰 피해를 입은 이력이 있어 취약지역으로 선정함,2017-06-29
135,경상북도,영천시,화북면,정각리,산62임,산60임,36,8,32.726,128,59,8.147,토석류,사유림,사방사업시행,2019-12-30
136,경상북도,영천시,신녕면,치산리,산171임,,36,3,37.999,128,43,39,토석류,사유림,국부적으로 소규모 계안침식이 관측되고 노출된 기반암구간 중 풍화도가 높아 계류 내부로 토석이 유입되는 구간이 있으며 기슭막이구간 상부의 인가에는 대비책이 없으므로 취약지역으로 선정하는 것이 적절하다 판단됨,2017-06-29
137,경상북도,영천시,화북면,공덕리,산20임,,36,5,32.5,128,57,48.999,토석류,사유림,"계류 우측으로 붕괴지가 발달하였으며, 붕괴사면부 토사가 유실되어 계류 내부로 유입되어 계상퇴적지가 관찰되므로 취약지역으로의 선정을 제안함",2018-12-21
138,경상북도,영천시,자양면,성곡리,산118-1임,,36,4,44.4,129,1,19.599,토석류,사유림,"좌, 우측 침식이 발달하였으며, 상부로 진입 시 붕괴지 및 다수의 지류가 관찰되므로 취약지역으로의 선정을 제안함",2018-12-21
139,경상북도,영천시,자양면,도일리,산57-1임,,36,5,48.899,129,5,27.1,토석류,사유림,본 계류는 황폐화가 진행되고 있는 유역으로 계류 내 퇴적물인 전석과 자갈이 퇴적되어 있고 부분적으로 세굴과 침식이 관측된다. 강우 시 유량이 상당히 많을 것으로 예상이 되며 상부사면에서 붕괴된 퇴적물이 물과 함께 빠르게 이동되어 계류 하부인가에 피해를 줄 수 있는 지역임.,2014-09-06
140,경상북도,영천시,화북면,죽전리,산107구,산96-2임,36,8,46.372,128,55,8.235,토석류,사유림,"매미 때 피해가 발생한 지역으로 표층유실, 뿌리노출 외 큰 위험요소가 관측되지 않으나 주민이 불안을 호소하고 사방시설이 필요하다고 요구하는 지역임",2016-06-29
141,경상북도,영천시,화남면,용계리,산6구,산7-2천 364-1과,36,7,30.56,128,52,30.842,토석류,사유림,사방사업시행,2019-12-30
142,경상북도,영천시,자양면,보현리,산64임,,36,8,55.499,129,2,19.4,토석류,사유림,"사면에서 붕괴 및 토사유실이 우려되는 상태이며 계류내 전석, 자갈 및 유송잡물 등 퇴적물이 많이 쌓여 있어 강우시 토석류 발생시 매우 위험하므로 본 대상지를 산사태 발생 우려지역으로 선정이 필요하다고 생각됨",2015-07-20
143,경상북도,영천시,청통면,신원리,산133임,,36,0,48.599,128,45,41.6,토석류,사유림,"퇴적물 유동흔적이 관측되고 세굴, 표층유실 등으로 인해 토사가 지속적으로 유실되고 있어 취약지역으로 선정해 관리할 필요가 있음",2017-06-29
144,경상북도,영천시,신녕면,부산리,산11-2임,,36,3,8.899,128,45,16.7,토석류,사유림,계류 주변 나무들을 전부 베어 계류쪽으로 버려둠,2015-07-20
145,경상북도,영천시,신녕면,화서리,산223임,,36,4,40.199,128,44,0,토석류,사유림,암반이 풍화에 취약하여 자갈 형태의 사이즈로 쪼개져 계류안을 채우고 있음,2015-07-20
146,경상북도,영천시,신녕면,매양리,산87-1임,,36,1,44.999,128,45,57,토석류,사유림,세굴 및 침식으로 인하여 지속적인 토사가 발생되고 있고 집중호우 시 하부 사찰 및 인가에 피해가능성이 존재함,2017-06-29
147,경상북도,영천시,고경면,삼포리,산103임,산102-3,36,1,47.545,129,7,12.955,토석류,사유림,인가가 멀리 떨어져 있고 유역면적이 작으나 토심이 깊고 계안침식이 관찰되며 그에따른 붕괴지도 발생해 계류보전을 통해 계류를 정비할 필요성이 있다고 사료됨,2016-06-29
148,경상북도,영천시,자양면,충효리,산135임,,36,7,21.922,129,3,19.416,토석류,사유림,하부에 절 및 인가들이 위치하고 있어 토석류 발생 시 피해 발생이 우려되는 지역으로 산사태 발생 우려지역으로 선정이 필요하다고 생각됨.,2015-07-20
149,경상북도,영천시,고경면,덕정리,산74임,,35,55,27.999,129,6,58,토석류,사유림,강우 시에 돌 굴러가는 소리가 들릴 정도로 유량이 많고 퇴적물 유동이 잦은 지역으로 주민이 불안감을 호소하고 있어 취약지역으로 지정하여 관리를 제안함.,2017-06-29
150,경상북도,영천시,신녕면,가천리,산14임,,36,4,20.999,128,47,53,토석류,사유림,"계류 전반적으로 퇴적물의 분포비율이 높으며 강우 시 하류부로 이동, 적치될 시 인명 및 재산피해가 우려되므로 취약지역으로 선정하여야 할 것으로 사료됨",2017-06-29
151,경상북도,영천시,자양면,노항리,산58-15임,,36,3,55.899,129,2,57.4,토석류,사유림,"하부 배수시설의 규모가 계류의 유량에 비해 작은 편이어서 강우 시 하부 배수관 위로 월류가 발생한다는 주민의 의견이 있었으며, 붕괴지 및 침식이 발달한 곳이 있는 것으로 조사되어 산사태 발생 우려지역으로의 선정이 필요하다고 사료됨.",2015-07-20
152,경상북도,영천시,화북면,하송리,산50임,,36,10,2.083,128,55,16.318,토석류,사유림,하류 인가 등 보호대상이 있어 취약지역으로 지정,2014-09-06
153,경상북도,영천시,화남면,구전리,산53-1임 산52,,36,6,12.599,128,51,6.6,산사태,사유림,현재 붕괴된 사면도 있고 붕괴 위험성이 있는 사면이 연장선상에 있어 산사태 발생 우려지역으로 선정이 필요하다고 생각됨이고 판단됨,2015-07-20
154,경상북도,영천시,신녕면,가천리,산11임,,36,4,19.596,128,48,14.154,토석류,사유림,"계류 내부에 퇴적물 분포비율이 높고 유동흔적이 관측되며 표층유실, 세굴, 수목전도, 뿌리노출과 같은 위험요소가 산재하므로 취약지역으로 선정하는 것이 적절하다 판단됨",2017-06-29
155,경상북도,영천시,임고면,삼매리,산115임,,36,4,26.42,128,58,30.538,토석류,사유림,유출구 하부로 소규모 콘크리트수로가 존재하나 강우시 유출될 계류수 및 퇴적물의 유동을 막기에는 부족할 것으로 판단되므로 추가적인 계류보전시설이 필요하다 판단됨,2016-06-29
156,경상북도,영천시,고경면,삼포리,산52임,,36,1,30.979,129,6,51.673,토석류,사유림,침식과 포락으로 인해 계상퇴적지가 발달하였으며 추후 계류황폐화가 예상되므로 취약지역으로의 선정을 제안함.,2018-12-21
157,경상북도,영천시,화북면,정각리,산37임,,36,8,59.899,128,59,27.2,토석류,사유림,"본 계류는 지속적인 풍화로 인해 계류 황폐화가 유역 전반에 걸쳐 진행된 상태이며, 계류 주변부 급경사지에는 퇴적물들이 다수 분포하고 있어 지속적으로 본 계류에 유입되고 있는 상태이다. 장기적으로는 붕괴유실물들이 적치될 경우 집중호우등과 같은 외부적인 조건에 의해 계류수가 증가하면서 토석류의 형태로 발생될 가능성이 있으므로 취약지역으로 선정함.",2014-09-06
158,경상북도,영천시,자양면,보현리,산3-1임,,36,8,16.799,129,3,6.4,토석류,사유림,본 조사유역은 유출구를 중심으로 인가가 분포하고 있으며 강우에 의한 침식이 진행 중이다. 또한 계류 양안의 자연사면에서 식생중 일부가 계류 쪽으로 전도되는 현상이 발견되고 상부 위험사면에서 토석류 발생시 계류 하부에 존재하는 인가 및 인공경작지에 막대한 피해를 줄 것으로 예측되어 취약지역으로 선정함,2014-09-06
159,경상북도,영천시,화북면,입석리,산49임,,36,8,25.794,128,58,42.669,산사태,사유림,건물 뒷편 산지에서 토사 유출이 되는 곳을 취약지역으로 선정해야 한다고 생각됨.,2015-07-20
160,경상북도,영천시,자양면,성곡리,산133임,,36,4,55.799,129,1,51.8,토석류,사유림,"계류 내 수목전도, 토석, 유목 등 다수의 토석류 발생인자가 존재하는 지역으로 인가의 인명ㆍ재산피해가 우려되어 취약지역지정이 필요한 지역으로 사료됨.",2017-06-29
161,경상북도,영천시,청통면,치일리,산62구,479종,35,59,28.998,128,47,20.041,토석류,사유림,하부로 은해사가 존재하고 붕괴지가 관측되며 계류 전반에 걸쳐 퇴적물의 비율이 높고 집중호우 시 토석류 발생예방을 위하여 사방댐설치가 필요할 것으로 사료됨,2016-06-29
162,경상북도,영천시,화북면,옥계리,산86-2,296전,36,7,43.262,128,55,55.614,토석류,사유림,본 조사지역은 황폐화가 진행 중인 유역으로 유출구하부로 인가밀집지가 존재하나 그에 따른 사방시설물이 없어 강우시 발생가능성이 높은 산사태 및 토석류에 무방비로 노출되어 발생 시 인명 및 재산피해가 클 것으로 예상됨.,2014-09-06
163,경상북도,영천시,화북면,상송리,산70구,,36,9,42.573,128,54,42.186,토석류,사유림,저수지에 퇴적물이 지속적으로 유입되고 있어 저수지의 보호를 위한 취약지역 지정을 제안함.,2017-06-29
164,경상북도,영천시,화남면,선천리,산68임,,36,3,34.699,128,53,50.6,토석류,사유림,침식이 길게 발달하고 있으며 침식으로 농경지 피해가 발생할 것으로 판단되어 산사태 발생 우려지역으로 선정해야 한다고 판단됨,2015-07-20

