연번,쉼터명칭,도로명주소,지번주소,시설면적,이용가능인원(명),운영일,시작시간,종료시간,선풍기,에어컨
1,덕성리경로당,경상북도 영천시 금호읍 금호로 56-40 ,경상북도 영천시 금호읍 덕성리 232,154.2,35,"월,화,수,목,금,토,일",09:00,18:00,2,2
2,황정리경로당,경상북도 영천시 금호읍 관황길 49-4 ,경상북도 영천시 금호읍 황정리 412-2,82.6,30,"월,화,수,목,금,토,일",09:00,18:00,3,2
3,오계2리경로당,경상북도 영천시 금호읍 사근달길 75-3 ,경상북도 영천시 금호읍 오계리 545-3,99,35,"월,화,수,목,금,토,일",09:00,18:00,3,2
4,원기리경로당,경상북도 영천시 금호읍 창산길 142-5 ,경상북도 영천시 금호읍 원기리 395,89.3,30,"월,화,수,목,금,토,일",09:00,18:00,2,2
5,우천1리경로당,경상북도 영천시 청통면 청통로 236,경상북도 영천시 청통면 우천리 730,105.71,30,"월,화,수,목,금,토,일",09:00,18:00,3,2
6,치일2리경로당,경상북도 영천시 청통면 부흥길 29,경상북도 영천시 청통면 치일리 583-16,71.85,30,"월,화,수,목,금,토,일",09:00,18:00,2,1
7,계지1리경로당,경상북도 영천시 청통면 망지1길 9,경상북도 영천시 청통면 계지리 120,66,25,"월,화,수,목,금,토,일",09:00,18:00,3,1
8,용천리경로당,경상북도 영천시 청통면 용호길 28,경상북도 영천시 청통면 용천리 391,73.05,30,"월,화,수,목,금,토,일",09:00,18:00,2,2
9,신원리경로당,경상북도 영천시 청통면 거조길 328,경상북도 영천시 청통면 신원리 422-3,90.48,30,"월,화,수,목,금,토,일",09:00,18:00,3,1
10,송천리경로당,경상북도 영천시 청통면 월성길 7-9 ,경상북도 영천시 청통면 송천리 171,99.12,30,"월,화,수,목,금,토,일",09:00,18:00,2,1
11,신학1리경로당,경상북도 영천시 청통면 청통로 632,경상북도 영천시 청통면 신학리 566-8,86.49,30,"월,화,수,목,금,토,일",09:00,18:00,2,1
12,신학2리경로당,경상북도 영천시 청통면 새학길 61,경상북도 영천시 청통면 신학리 124-2,39.3,20,"월,화,수,목,금,토,일",09:00,18:00,2,1
13,치일1리경로당,경상북도 영천시 청통면 치일길 4,경상북도 영천시 청통면 치일리 590-1,105.43,30,"월,화,수,목,금,토,일",09:00,18:00,3,2
14,보성리경로당,경상북도 영천시 청통면 청통로 373,경상북도 영천시 청통면 보성리 145-1,78.93,30,"월,화,수,목,금,토,일",09:00,18:00,1,2
15,화성2리경로당,경상북도 영천시 신녕면 화성중앙길 24-9 ,경상북도 영천시 신녕면 화성리 414-3,315.83,78,"월,화,수,목,금,토,일",09:00,18:00,5,1
16,화성3리경로당,경상북도 영천시 신녕면 화성중앙길 5,경상북도 영천시 신녕면 화성리 872,167,41,"월,화,수,목,금,토,일",09:00,18:00,1,1
17,신녕부녀경로당,경상북도 영천시 신녕면 본관시장길 34,경상북도 영천시 신녕면 화성리 903-9,208.6,52,"월,화,수,목,금,토,일",09:00,18:00,3,1
18,완전2리경로당,경상북도 영천시 신녕면 장수로 1637,경상북도 영천시 신녕면 완전리 853-58,130.17,32,"월,화,수,목,금,토,일",09:00,18:00,2,1
19,신덕2리경로당,경상북도 영천시 신녕면 신정길 27-4 ,경상북도 영천시 신녕면 신덕리 223-1,81.3,20,"월,화,수,목,금,토,일",09:00,18:00,7,1
20,연정1리경로당,경상북도 영천시 신녕면 연정큰길 57,경상북도 영천시 신녕면 연정리 345,419.32,50,"월,화,수,목,금,토,일",09:00,18:00,3,1
21,가천리경로당,경상북도 영천시 신녕면 큰골길 101,경상북도 영천시 신녕면 가천리 183-1,75.56,20,"월,화,수,목,금,토,일",09:00,18:00,2,2
22,화서리경로당,경상북도 영천시 신녕면 화정길 19-7 ,경상북도 영천시 신녕면 화서리 762,51.06,15,"월,화,수,목,금,토,일",09:00,18:00,3,1
23,화남3리경로당,경상북도 영천시 신녕면 화해길 16,경상북도 영천시 신녕면 화남리 955-1,152,38,"월,화,수,목,금,토,일",09:00,18:00,2,1
24,화성1리경로당,경상북도 영천시 신녕면 큰골길 14,경상북도 영천시 신녕면 화성리 485-1,142.9,35,"월,화,수,목,금,토,일",09:00,18:00,3,1
25,용평리경로당,경상북도 영천시 화산면 용평1길 9,경상북도 영천시 화산면 용평리 193-18,93,30,"월,화,수,목,금,토,일",09:00,18:00,2,1
26,유성1리경로당,경상북도 영천시 화산면 유정안길 14-4 ,경상북도 영천시 화산면 유성리 700,78,30,"월,화,수,목,금,토,일",09:00,18:00,2,1
27,석촌리경로당,경상북도 영천시 화산면 석촌2길 60,경상북도 영천시 화산면 석촌리 47-10,38,30,"월,화,수,목,금,토,일",09:00,18:00,1,1
28,대안2리경로당,경상북도 영천시 화산면 대안2길 81-25 ,경상북도 영천시 화산면 대안리 1014-4,71,30,"월,화,수,목,금,토,일",09:00,18:00,1,1
29,당지1리경로당,경상북도 영천시 화산면 섭재골길 24,경상북도 영천시 화산면 당지리 109,99,30,"월,화,수,목,금,토,일",09:00,18:00,1,1
30,당지2리경로당,경상북도 영천시 화산면 산성길 10,경상북도 영천시 화산면 당지리 517-2,86,30,"월,화,수,목,금,토,일",09:00,18:00,1,1
31,당곡리경로당,경상북도 영천시 화산면 당곡길 48-10 ,경상북도 영천시 화산면 당곡리 279,94,30,"월,화,수,목,금,토,일",09:00,18:00,2,1
32,화산2리경로당,경상북도 영천시 화산면 효지길 98-14 ,경상북도 영천시 화산면 화산리 239-2,79,30,"월,화,수,목,금,토,일",09:00,18:00,2,1
33,암기리경로당,경상북도 영천시 화산면 가래실로 162,경상북도 영천시 화산면 암기리 544-1,84,30,"월,화,수,목,금,토,일",09:00,18:00,2,1
34,화산1리경로당,,경상북도 영천시 화산면 화산리 1095-2,92,30,"월,화,수,목,금,토,일",09:00,18:00,2,1
35,부계리경로당,경상북도 영천시 화산면 부계길 115-6 ,경상북도 영천시 화산면 부계리 206-1,60,30,"월,화,수,목,금,토,일",09:00,18:00,1,1
36,부녀회경로당,경상북도 영천시 화산면 장수로 926-7 ,경상북도 영천시 화산면 유성리 600-1,90,40,"월,화,수,목,금,토,일",09:00,18:00,1,1
37,삼부리경로당,경상북도 영천시 화산면 장수로 577-25 ,경상북도 영천시 화산면 삼부리 157,61,30,"월,화,수,목,금,토,일",09:00,18:00,1,1
38,효정1리경로당,경상북도 영천시 화산면 옛서당길 74,경상북도 영천시 화산면 효정리 494-4,75,30,"월,화,수,목,금,토,일",09:00,18:00,2,1
39,대기리경로당,경상북도 영천시 화산면 대암길 112-1 ,경상북도 영천시 화산면 대기리 792,78,30,"월,화,수,목,금,토,일",09:00,18:00,3,1
40,연계2리경로당,경상북도 영천시 화산면 율전길 32-4 ,경상북도 영천시 화산면 연계리 270,83,30,"월,화,수,목,금,토,일",09:00,18:00,1,1
41,유성3리경로당,경상북도 영천시 화산면 유성길 13,경상북도 영천시 화산면 유성리 578-5,98,30,"월,화,수,목,금,토,일",09:00,18:00,1,1
42,덕암2리경로당,경상북도 영천시 화산면 덕암2길 6,경상북도 영천시 화산면 덕암리 239,74,30,"월,화,수,목,금,토,일",09:00,18:00,1,1
43,연계1리경로당,,경상북도 영천시 화산면 연계리 219-37,83,30,"월,화,수,목,금,토,일",09:00,18:00,1,1
44,화산분회경로당,경상북도 영천시 화산면 장수로 921,경상북도 영천시 화산면 유성리 502-9,116,50,"월,화,수,목,금,토,일",09:00,18:00,2,1
45,대안3리경로당,경상북도 영천시 화산면 신정길 12,경상북도 영천시 화산면 대안리 1206-7,86,30,"월,화,수,목,금,토,일",09:00,18:00,1,1
46,덕암1리경로당,경상북도 영천시 화산면 덕암길 12-5 ,경상북도 영천시 화산면 덕암리 548-84,272,30,"월,화,수,목,금,토,일",09:00,18:00,2,1
47,대안1리경로당,경상북도 영천시 화산면 대안1길 45,경상북도 영천시 화산면 대안리 261-1,66,30,"월,화,수,목,금,토,일",09:00,18:00,1,1
48,정각1리경로당,경상북도 영천시 화북면 정각1길 4,경상북도 영천시 화북면 정각리 807,84,21,"월,화,수,목,금,토,일",09:00,18:00,2,1
49,정각2리경로당,경상북도 영천시 화북면 송림길 48-11 ,경상북도 영천시 화북면 정각리 335,50,20,"월,화,수,목,금,토,일",09:00,18:00,2,1
50,횡계리경로당,경상북도 영천시 화북면 별빛로 135,경상북도 영천시 화북면 횡계리 176,99,24,"월,화,수,목,금,토,일",09:00,18:00,3,1
51,공덕리경로당,경상북도 영천시 화북면 공덕길 33-3 ,경상북도 영천시 화북면 공덕리 703,108,27,"월,화,수,목,금,토,일",09:00,18:00,3,1
52,오동리경로당,경상북도 영천시 화북면 오동안길 30,경상북도 영천시 화북면 오산리 1133-1,89,22,"월,화,수,목,금,토,일",09:00,18:00,1,1
53,금호1리경로당,경상북도 영천시 화남면 금호1길 67,경상북도 영천시 화남면 금호리 244,36.36,20,"월,화,수,목,금,토,일",09:00,18:00,1,1
54,대천2리경로당,경상북도 영천시 화남면 대천2길 7,경상북도 영천시 화남면 대천리 425-3,168.21,42,"월,화,수,목,금,토,일",09:00,18:00,1,1
55,삼창1리경로당,경상북도 영천시 화남면 현고길 43,경상북도 영천시 화남면 삼창리 350,122.32,30,"월,화,수,목,금,토,일",09:00,18:00,1,1
56,삼창2리경로당,경상북도 영천시 화남면 천문로 1597-9 ,경상북도 영천시 화남면 삼창리 245,107.36,26,"월,화,수,목,금,토,일",09:00,18:00,1,1
57,삼창3리경로당,경상북도 영천시 화남면 한천길 52-9 ,경상북도 영천시 화남면 삼창리 531-2,99.78,24,"월,화,수,목,금,토,일",09:00,18:00,1,1
58,귀호1리경로당,경상북도 영천시 화남면 귀호1길 131,경상북도 영천시 화남면 귀호리 681-2,78.88,19,"월,화,수,목,금,토,일",09:00,18:00,1,1
59,귀호2리경로당,경상북도 영천시 화남면 귀호2길 71-3 ,경상북도 영천시 화남면 귀호리 141,78.88,19,"월,화,수,목,금,토,일",09:00,18:00,1,1
60,안천1리경로당,경상북도 영천시 화남면 구전로 166,경상북도 영천시 화남면 안천리 565-7,71.58,17,"월,화,수,목,금,토,일",09:00,18:00,1,1
61,안천2리경로당,경상북도 영천시 화남면 능계2길 14,경상북도 영천시 화남면 안천리 863-1,68.1,17,"월,화,수,목,금,토,일",09:00,18:00,1,1
62,온천리경로당,경상북도 영천시 화남면 온천길 46,경상북도 영천시 화남면 온천리 112,71.17,17,"월,화,수,목,금,토,일",09:00,18:00,1,1
63,구전리경로당,경상북도 영천시 화남면 용구길 42,경상북도 영천시 화남면 구전리 121-3,125.11,31,"월,화,수,목,금,토,일",09:00,18:00,1,1
64,월곡2리경로당,경상북도 영천시 화남면 월곡길 244,경상북도 영천시 화남면 월곡리 211-1,80.88,20,"월,화,수,목,금,토,일",09:00,18:00,1,1
65,안천3리경로당(안온경로당),경상북도 영천시 화남면 구전로 460,경상북도 영천시 화남면 안천리 1623,62.31,15,"월,화,수,목,금,토,일",09:00,18:00,1,1
66,사천1리경로당,경상북도 영천시 화남면 천문로 1212,경상북도 영천시 화남면 사천리 517-4,171.12,42,"월,화,수,목,금,토,일",09:00,18:00,1,1
67,죽곡1리경로당,경상북도 영천시 화남면 신선로 301,경상북도 영천시 화남면 죽곡리 657-1,99.46,24,"월,화,수,목,금,토,일",09:00,18:00,1,1
68,용화리경로당,경상북도 영천시 자양면 용화길 122,경상북도 영천시 자양면 용화리 296,78.02,19,"월,화,수,목,금,토,일",09:00,18:00,1,1
69,성곡리경로당,경상북도 영천시 자양면 포은로 1640,경상북도 영천시 자양면 성곡리 산 96-8,133.44,33,"월,화,수,목,금,토,일",09:00,18:00,5,1
70,신방1리(골안)경로당,경상북도 영천시 자양면 신방로 660,경상북도 영천시 자양면 신방리 763-8,133.4,33,"월,화,수,목,금,토,일",09:00,18:00,2,1
71,신방2리(부전)경노당,경상북도 영천시 자양면 상신길 65-4 ,경상북도 영천시 자양면 신방리 526-1,95,24,"월,화,수,목,금,토,일",09:00,18:00,2,1
72,신방2리(상신)경로당,경상북도 영천시 자양면 상신길 215-6 ,경상북도 영천시 자양면 신방리 295,80.3,20,"월,화,수,목,금,토,일",09:00,18:00,2,1
73,용산리경로당,경상북도 영천시 자양면 원각길 53,경상북도 영천시 자양면 용산리 290,99.7,25,"월,화,수,목,금,토,일",09:00,18:00,2,1
74,삼귀리경노당,경상북도 영천시 자양면 귀미길 98,경상북도 영천시 자양면 삼귀리 242-2,82.2,20,"월,화,수,목,금,토,일",09:00,18:00,2,1
75,보현2리(상기)경로당,경상북도 영천시 자양면 상기길 37-8 ,경상북도 영천시 자양면 보현리 1162,105.6,26,"월,화,수,목,금,토,일",09:00,18:00,2,1
76,신방1리(신천)경로당,경상북도 영천시 자양면 신천길 9,경상북도 영천시 자양면 신방리 963-1,66.31,16,"월,화,수,목,금,토,일",09:00,18:00,3,1
77,양항2리경로당,경상북도 영천시 임고면 포은로 488,경상북도 영천시 임고면 양항리 559-6,116,17,"월,화,수,목,금,토,일",09:00,18:00,2,1
78,선원1리경로당,경상북도 영천시 임고면 신선로 684,경상북도 영천시 임고면 선원리 909-189,122,17,"월,화,수,목,금,토,일",09:00,18:00,2,1
79,삼매2리경로당,경상북도 영천시 임고면 삼매매곡길 368,경상북도 영천시 임고면 삼매리 1083-1,68,15,"월,화,수,목,금,토,일",09:00,18:00,2,1
80,평천1리경로당,경상북도 영천시 임고면 평천다산길 30-1 ,경상북도 영천시 임고면 평천리 611,99,15,"월,화,수,목,금,토,일",09:00,18:00,2,1
81,평천3리경로당,경상북도 영천시 임고면 평천다산길 53-34 ,경상북도 영천시 임고면 평천리 366-21,149,15,"월,화,수,목,금,토,일",09:00,18:00,2,1
82,황강리경로당,경상북도 영천시 임고면 황강길 3,경상북도 영천시 임고면 황강리 290,86,15,"월,화,수,목,금,토,일",09:00,18:00,2,1
83,금대(본터)경로당,경상북도 영천시 임고면 운주로 675,경상북도 영천시 임고면 금대리 428-9,67,20,"월,화,수,목,금,토,일",09:00,18:00,2,1
84,우항리경로당,경상북도 영천시 임고면 효자로 348,경상북도 영천시 임고면 우항리 178,87,17,"월,화,수,목,금,토,일",09:00,18:00,2,1
85,매호1리경로당,경상북도 영천시 임고면 매호운천길 10,경상북도 영천시 임고면 매호리 728,83,15,"월,화,수,목,금,토,일",09:00,18:00,2,1
86,매호2리경로당,경상북도 영천시 임고면 포은로 117,경상북도 영천시 임고면 매호리 527,66,20,"월,화,수,목,금,토,일",09:00,18:00,2,1
87,단포교교량하부야외무더위쉼터,,경상북도 영천시 고경면 단포리 187-11,"2,000.00",300,"월,화,수,목,금,토,일",18:00,00:00,,
88,해선경로당,경상북도 영천시 고경면 월천길 26-72 ,경상북도 영천시 고경면 해선리 286-1,89.3,22,"월,화,수,목,금,토,일",09:00,18:00,6,2
89,장척경로당,경상북도 영천시 고경면 장재길 14,경상북도 영천시 고경면 해선리 569,78,20,"월,화,수,목,금,토,일",09:00,18:00,1,1
90,전사1경로당,경상북도 영천시 고경면 앞새일길 15-26 ,경상북도 영천시 고경면 전사리 11,80.6,20,"월,화,수,목,금,토,일",09:00,18:00,1,1
91,전사2경로당,경상북도 영천시 고경면 백소길 66,경상북도 영천시 고경면 전사리 301,78,20,"월,화,수,목,금,토,일",09:00,18:00,2,1
92,동도경로당,경상북도 영천시 고경면 동도길 53,경상북도 영천시 고경면 동도리 357-3,82.38,21,"월,화,수,목,금,토,일",09:00,18:00,1,1
93,차당경로당,,경상북도 영천시 고경면 차당리 687,85.7,21,"월,화,수,목,금,토,일",09:00,18:00,3,1
94,초일리경로당,경상북도 영천시 고경면 초일길 342,경상북도 영천시 고경면 초일리 97,86,20,"월,화,수,목,금,토,일",09:00,18:00,1,1
95,상덕경로당,경상북도 영천시 고경면 방천길 260-7 ,경상북도 영천시 고경면 상덕리 409,98.28,25,"월,화,수,목,금,토,일",09:00,18:00,3,1
96,가수경로당,경상북도 영천시 고경면 가징계길 14-9 ,경상북도 영천시 고경면 가수리 195-5,163.1,41,"월,화,수,목,금,토,일",09:00,18:00,2,1
97,석계경로당,경상북도 영천시 고경면 생계길 6-9 ,경상북도 영천시 고경면 석계리 162,103.47,26,"월,화,수,목,금,토,일",09:00,18:00,1,1
98,오룡1경로당,,경상북도 영천시 고경면 오룡리 1232,75.24,19,"월,화,수,목,금,토,일",09:00,18:00,1,1
99,덕암경로당,경상북도 영천시 고경면 심청길 20,경상북도 영천시 고경면 덕암리 230,107.13,27,"월,화,수,목,금,토,일",09:00,18:00,3,1
100,청정1경로당,경상북도 영천시 고경면 청정길 21-15 ,경상북도 영천시 고경면 청정리 354-5,94.95,24,"월,화,수,목,금,토,일",09:00,18:00,1,1
101,청정2경로당,경상북도 영천시 고경면 용담로 2078,경상북도 영천시 고경면 청정리 571,87.26,22,"월,화,수,목,금,토,일",09:00,18:00,2,1
102,파계경로당,경상북도 영천시 고경면 용담로 1809,경상북도 영천시 고경면 파계리 239,99.42,25,"월,화,수,목,금,토,일",09:00,18:00,2,1
103,칠전경로당,경상북도 영천시 고경면 칠전길 114,경상북도 영천시 고경면 칠전리 84-1,65.52,16,"월,화,수,목,금,토,일",09:00,18:00,1,1
104,논실경로당,경상북도 영천시 고경면 단포1안길 35,경상북도 영천시 고경면 논실리 134,82.6,20,"월,화,수,목,금,토,일",09:00,18:00,1,1
105,분회경로당,경상북도 영천시 고경면 호국로 1065-16 ,경상북도 영천시 고경면 해선리 309-1,82.8,50,"월,화,수,목,금,토,일",09:00,18:00,3,1
106,창하경로당,경상북도 영천시 고경면 호국로 458,경상북도 영천시 고경면 창하리 713-18,64.79,15,"월,화,수,목,금,토,일",09:00,18:00,2,1
107,창상경로당,경상북도 영천시 고경면 효자로 156,경상북도 영천시 고경면 창상리 225-1,113.32,28,"월,화,수,목,금,토,일",09:00,18:00,1,1
108,고도1경로당,경상북도 영천시 고경면 고도길 74,경상북도 영천시 고경면 용전리 377,83.1,21,"월,화,수,목,금,토,일",09:00,18:00,2,1
109,민도경로당,경상북도 영천시 고경면 민도길 116,경상북도 영천시 고경면 고도리 453,69.84,17,"월,화,수,목,금,토,일",09:00,18:00,2,1
110,고도2경로당,경상북도 영천시 고경면 고도길 286-4 ,경상북도 영천시 고경면 고도리 290,95.48,24,"월,화,수,목,금,토,일",09:00,18:00,1,1
111,용전1경로당,경상북도 영천시 고경면 추곡길 151,경상북도 영천시 고경면 용전리 744,82.53,21,"월,화,수,목,금,토,일",09:00,18:00,2,1
112,용전2경로당,경상북도 영천시 고경면 추곡길 255,경상북도 영천시 고경면 용전리 1277,83.8,15,"월,화,수,목,금,토,일",09:00,18:00,3,1
113,도암1경로당,경상북도 영천시 고경면 호국로 674-11 ,경상북도 영천시 고경면 도암리 497-1,16.53,20,"월,화,수,목,금,토,일",09:00,18:00,2,1
114,상리경로당,경상북도 영천시 고경면 배골길 93-4 ,경상북도 영천시 고경면 상리리 252,136.7,34,"월,화,수,목,금,토,일",09:00,18:00,1,1
115,삼산경로당,경상북도 영천시 고경면 모시밭길 66-1 ,경상북도 영천시 고경면 삼산리 275,75,15,"월,화,수,목,금,토,일",09:00,18:00,2,1
116,원곡경로당,경상북도 영천시 북안면 새불길 12,경상북도 영천시 북안면 명주리 375,361.28,80,"월,화,수,목,금,토,일",09:00,18:00,3,1
117,신대리경로당,경상북도 영천시 북안면 두리봉길 9-4 ,경상북도 영천시 북안면 신대리 354,49.5,40,"월,화,수,목,금,토,일",09:00,18:00,3,1
118,도천1리경로당,경상북도 영천시 북안면 연당길 1,경상북도 영천시 북안면 도천리 520-1,83.61,50,"월,화,수,목,금,토,일",09:00,18:00,3,1
119,자포리경로당,경상북도 영천시 북안면 송학길 10-2 ,경상북도 영천시 북안면 자포리 374-1,113.16,50,"월,화,수,목,금,토,일",09:00,18:00,3,1
120,송포1리경로당,경상북도 영천시 북안면 엿들길 10-8 ,경상북도 영천시 북안면 송포리 775-5,35,35,"월,화,수,목,금,토,일",09:00,18:00,3,1
121,당1리경로당,경상북도 영천시 북안면 당리길 56,경상북도 영천시 북안면 당리 210-2,101.52,40,"월,화,수,목,금,토,일",09:00,18:00,5,1
122,당2리경로당,경상북도 영천시 북안면 중이길 12,경상북도 영천시 북안면 당리 715-1,62.24,20,"월,화,수,목,금,토,일",09:00,18:00,1,1
123,북리경로당,경상북도 영천시 북안면 금창로 1697,경상북도 영천시 북안면 북리 324,87.04,70,"월,화,수,목,금,토,일",09:00,18:00,2,1
124,명주리경로당,경상북도 영천시 북안면 새불길 3,경상북도 영천시 북안면 명주리 573-36,125,60,"월,화,수,목,금,토,일",09:00,18:00,3,1
125,반정2리경로당,경상북도 영천시 북안면 반정2길 62,경상북도 영천시 북안면 반정리 1243-6,20,20,"월,화,수,목,금,토,일",09:00,18:00,2,1
126,반정3리경로당,경상북도 영천시 북안면 돌할매로 41-26 ,경상북도 영천시 북안면 반정리 56-5,25,25,"월,화,수,목,금,토,일",09:00,18:00,4,1
127,송포2리경로당,경상북도 영천시 북안면 송포길 68,경상북도 영천시 북안면 송포리 248-9,55,55,"월,화,수,목,금,토,일",09:00,18:00,4,1
128,유하리경로당,경상북도 영천시 북안면 유하큰길 76,경상북도 영천시 북안면 유하리 88-1,55,55,"월,화,수,목,금,토,일",09:00,18:00,3,1
129,유상1리경로당,경상북도 영천시 북안면 유상길 249-21 ,경상북도 영천시 북안면 유상리 805,30,30,"월,화,수,목,금,토",09:00,18:00,4,1
130,유상2리경로당,경상북도 영천시 북안면 유상길 373,경상북도 영천시 북안면 유상리 142,30,30,"월,화,수,목,금,토,일",09:00,18:00,3,1
131,도천2리경로당,경상북도 영천시 북안면 연당길 65,경상북도 영천시 북안면 도천리 167,26.4,30,"월,화,수,목,금,토,일",09:00,18:00,3,1
132,용계(새불)경로당,경상북도 영천시 북안면 새불길 55-81 ,경상북도 영천시 북안면 용계리 424-4,96.66,20,"월,화,수,목,금,토,일",09:00,18:00,2,1
133,신리리경로당,경상북도 영천시 북안면 운북로 1671,경상북도 영천시 북안면 신리리 320-1,82.5,50,"월,화,수,목,금,토,일",09:00,18:00,1,1
134,효리경로당,경상북도 영천시 북안면 효동길 67,경상북도 영천시 북안면 효리 198-1,91,30,"월,화,수,목,금,토,일",09:00,18:00,2,1
135,옥천리경로당,경상북도 영천시 북안면 옥천길 26,경상북도 영천시 북안면 옥천리 152-1,60.96,40,"월,화,수,목,금,토,일",09:00,18:00,1,1
136,서당리경로당,경상북도 영천시 북안면 북안서당길 85-4 ,경상북도 영천시 북안면 서당리 166,67,30,"월,화,수,목,금,토,일",09:00,18:00,1,1
137,고지1리경로당,경상북도 영천시 북안면 운북로 1858,경상북도 영천시 북안면 고지리 351-7,67,70,"월,화,수,목,금,토,일",09:00,18:00,3,1
138,분회경로당,경상북도 영천시 북안면 운북로 2028-3 ,경상북도 영천시 북안면 임포리 267-1,259.42,30,"월,화,수,목,금,토,일",09:00,18:00,5,1
139,임포1리경로당,경상북도 영천시 북안면 팔암길 14,경상북도 영천시 북안면 임포리 290,90.77,20,"월,화,수,목,금,토,일",09:00,18:00,3,1
140,임포범진@경로당,경상북도 영천시 북안면 임포역길 84,경상북도 영천시 북안면 임포리 244,96.81,20,"월,화,수,목,금,토,일",09:00,18:00,3,1
141,임포2리경로당,경상북도 영천시 북안면 임포역길 72,경상북도 영천시 북안면 임포리 228-1,104.54,70,"월,화,수,목,금,토,일",09:00,18:00,3,1
142,신촌리경로당,경상북도 영천시 북안면 돈암길 309,경상북도 영천시 북안면 신촌리 268,93,15,"월,화,수,목,금,토,일",09:00,18:00,3,1
143,원당리경로당,경상북도 영천시 북안면 대원당길 88,경상북도 영천시 북안면 원당리 200,19.8,20,"월,화,수,목,금,토,일",09:00,18:00,3,1
144,내포리경로당,경상북도 영천시 북안면 돌할매로 127-10 ,경상북도 영천시 북안면 내포리 65,49.5,20,"월,화,수,목,금,토,일",09:00,18:00,2,1
145,반정1리경로당,경상북도 영천시 북안면 반정1길 34,경상북도 영천시 북안면 반정리 583-1,60,60,"월,화,수,목,금,토,일",09:00,18:00,4,1
146,상리경로당,경상북도 영천시 북안면 운북로 1194,경상북도 영천시 북안면 상리 350-1,92.07,50,"월,화,수,목,금,토,일",09:00,18:00,3,2
147,조곡리경로당,경상북도 영천시 대창면 조곡안길 90,경상북도 영천시 대창면 조곡리 782-1,90,35,"월,화,수,목,금,토,일",09:00,18:00,2,1
148,구지리경로당,경상북도 영천시 대창면 용대로 804-1 ,경상북도 영천시 대창면 구지리 561-5,133,70,"월,화,수,목,금,토,일",09:00,18:00,2,1
149,사리1리경로당,경상북도 영천시 대창면 선진길 43,경상북도 영천시 대창면 사리리 146,85,30,"월,화,수,목,금,토,일",09:00,18:00,2,1
150,대창면여자경로당,경상북도 영천시 대창면 대창시장길 19-3 ,경상북도 영천시 대창면 대창리 1076-11,173,80,"월,화,수,목,금,토,일",09:00,18:00,2,1
151,대창면분회경로당,경상북도 영천시 대창면 금창로 702-8 ,경상북도 영천시 대창면 대창리 1076-106,79,50,"월,화,수,목,금,토,일",09:00,18:00,5,1
152,대창1리경로당,경상북도 영천시 대창면 대창시장길 19-3 ,경상북도 영천시 대창면 대창리 1076-11,206,30,"월,화,수,목,금,토,일",09:00,18:00,3,1
153,대창2리경로당,경상북도 영천시 대창면 금창로 598-1 ,경상북도 영천시 대창면 대창리 694-5,98,80,"월,화,수,목,금,토,일",09:00,18:00,3,1
154,신당경로당,경상북도 영천시 대창면 신당길 61-5 ,경상북도 영천시 대창면 대창리 539-2,74,50,"월,화,수,목,금,토,일",09:00,18:00,3,1
155,강회리경로당,경상북도 영천시 대창면 강회2길 23-26 ,경상북도 영천시 대창면 강회리 196,65,50,"월,화,수,목,금,토,일",09:00,18:00,2,1
156,병암리경로당,경상북도 영천시 대창면 병암길 91,경상북도 영천시 대창면 병암리 421,66,52,"월,화,수,목,금,토,일",09:00,18:00,2,1
157,건지발경로당,경상북도 영천시 대창면 금창로 785,경상북도 영천시 대창면 조곡리 247,145,30,"월,화,수,목,금,토,일",09:00,18:00,2,1
158,어방리경로당,경상북도 영천시 대창면 효원길 9-3 ,경상북도 영천시 대창면 어방리 274,89,26,"월,화,수,목,금,토,일",09:00,18:00,3,1
159,장곡경로당,경상북도 영천시 대창면 장곡길 154,경상북도 영천시 대창면 구지리 1245,71,20,"월,화,수,목,금,토,일",09:00,18:00,2,1
160,강회마음경로당,경상북도 영천시 대창면 강회3길 70,경상북도 영천시 대창면 강회리 432-1,71,21,"월,화,수,목,금,토,일",09:00,18:00,2,1
161,직천경로당,경상북도 영천시 대창면 정동마을길 5,경상북도 영천시 대창면 직천리 367-1,90,35,"월,화,수,목,금,토,일",09:00,18:00,5,1
162,동부지역경로당,경상북도 영천시 대창면 임하길 6,경상북도 영천시 대창면 운천리 515-3,99,80,"월,화,수,목,금,토,일",09:00,18:00,2,1
163,운천2리경로당,경상북도 영천시 대창면 운잠길 23,경상북도 영천시 대창면 운천리 861-1,87,30,"월,화,수,목,금,토,일",09:00,18:00,2,1
164,오길1리경로당,경상북도 영천시 대창면 선진길 172,경상북도 영천시 대창면 사리리 40,89,40,"월,화,수,목,금,토,일",09:00,18:00,2,1
165,오길2길경로당,경상북도 영천시 대창면 채산길 182,경상북도 영천시 대창면 오길리 82,96,30,"월,화,수,목,금,토,일",09:00,18:00,3,1
166,용호리경로당,경상북도 영천시 대창면 영지길 325-10 ,경상북도 영천시 대창면 용호리 536,86,42,"월,화,수,목,금,토,일",09:00,18:00,2,1
167,신광1리경로당,경상북도 영천시 대창면 계상길 13-2 ,경상북도 영천시 대창면 신광리 161,177,41,"월,화,수,목,금,토,일",09:00,18:00,2,1
168,신광효일경로당,경상북도 영천시 대창면 효일길 113,경상북도 영천시 대창면 신광리 988,70,30,"월,화,수,목,금,토,일",09:00,18:00,3,1
169,신광2리경로당,경상북도 영천시 대창면 영지길 109-1 ,경상북도 영천시 대창면 신광리 709-5,82,40,"월,화,수,목,금,토,일",09:00,18:00,2,1
170,영화교교량하부야외무더위쉼터,경상북도 영천시 장천1길 18-3 ,경상북도 영천시 조교동 883-1,"2,500.00",379,"월,화,수,목,금,토,일",18:00,00:00,,
171,우방아파트경로당,경상북도 영천시 동부로 15,경상북도 영천시 야사동 202,99,64,"월,화,수,목,금,토,일",09:00,18:00,2,1
172,4통경로당,경상북도 영천시 야사1길 11,경상북도 영천시 야사동 183-5,82.5,78,"월,화,수,목,금,토,일",09:00,18:00,2,1
173,조교경로당,경상북도 영천시 조흔달1길 36,경상북도 영천시 조교동 381,33,26,"월,화,수,목,금,토,일",09:00,18:00,3,1
174,장천경로당,경상북도 영천시 장천1길 40,경상북도 영천시 조교동 883-171,66,32,"월,화,수,목,금,토,일",09:00,18:00,2,1
175,망정경로당,경상북도 영천시 망정3길 27,경상북도 영천시 망정동 214,99,78,"월,화,수,목,금,토,일",09:00,18:00,2,1
176,야사경로당,경상북도 영천시 상록4길 82,경상북도 영천시 야사동 166-10,33,29,"월,화,수,목,금,토,일",09:00,18:00,1,1
177,안야사경로당,경상북도 영천시 안야사길 57,경상북도 영천시 야사동 429-2,66,42,"월,화,수,목,금,토,일",09:00,18:00,1,1
178,문화경로당,경상북도 영천시 문화새길 7,경상북도 영천시 야사동 186-4,33,25,"월,화,수,목,금,토,일",09:00,18:00,2,1
179,야사주공2차경로당,경상북도 영천시 상록4길 31,경상북도 영천시 야사동 311,49.5,46,"월,화,수,목,금,토,일",09:00,18:00,2,1
180,언하1동경로당,경상북도 영천시 새미길 121,경상북도 영천시 언하동 146-1,66,47,"월,화,수,목,금,토,일",09:00,18:00,1,1
181,신기경로당,,경상북도 영천시 신기동 산 5-11,66,49,"월,화,수,목,금,토,일",09:00,18:00,2,1
182,17통경로당,경상북도 영천시 미륵3길 27,경상북도 영천시 망정동 151-9,66,43,"월,화,수,목,금,토,일",09:00,18:00,2,1
183,금성아파트경로당,경상북도 영천시 망정1길 95,경상북도 영천시 야사동 92,66,26,"월,화,수,목,금,토,일",09:00,18:00,2,1
184,상록7길경로당,경상북도 영천시 상록7길 20,경상북도 영천시 야사동 335-38,82.5,45,"월,화,수,목,금,토,일",09:00,18:00,2,1
185,청구2차경로당,경상북도 영천시 모란1길 16,경상북도 영천시 야사동 350-1,66,82,"월,화,수,목,금,토,일",09:00,18:00,2,1
186,야사주공4차경로당,경상북도 영천시 충효로 147,경상북도 영천시 야사동 120,99,50,"월,화,수,목,금,토,일",09:00,18:00,2,1
187,야사주공5차경로당,경상북도 영천시 충효로 147,경상북도 영천시 야사동 120,66,61,"월,화,수,목,금,토,일",09:00,18:00,2,1
188,망정주공1차경로당,경상북도 영천시 동부로 40,경상북도 영천시 망정동 129,66,51,"월,화,수,목,금,토,일",09:00,18:00,2,1
189,망정주공2차경로당,경상북도 영천시 동부로 40,경상북도 영천시 망정동 129,33,59,"월,화,수,목,금,토,일",09:00,18:00,2,1
190,창신아파트경로당,경상북도 영천시 창신1길 21,경상북도 영천시 망정동 471,99,142,"월,화,수,목,금,토,일",09:00,18:00,2,1
191,망정주공3차경로당,경상북도 영천시 동부로 14,경상북도 영천시 망정동 116,66,62,"월,화,수,목,금,토,일",09:00,18:00,2,1
192,망정주공4차경로당,경상북도 영천시 동부로 14,경상북도 영천시 망정동 116,66,41,"월,화,수,목,금,토,일",09:00,18:00,2,1
193,번영2길경로당,경상북도 영천시 창신1길 22,경상북도 영천시 망정동 462,66,45,"월,화,수,목,금,토,일",09:00,18:00,2,1
194,동남경로당,경상북도 영천시 영천고1길 85-5 ,경상북도 영천시 야사동 216,85.8,84,"월,화,수,목,금,토,일",09:00,18:00,2,1
195,영천시청시민의쉼터3,경상북도 영천시 시청로 16,경상북도 영천시 문외동 27,3,4,"월,화,수,목,금,토,일",18:00,00:00,,
196,영천시청시민의쉼터2,경상북도 영천시 시청로 16,경상북도 영천시 문외동 27,3,4,"월,화,수,목,금,토,일",18:00,00:00,,
197,영천시청시민의쉼터1,경상북도 영천시 시청로 16,경상북도 영천시 문외동 27,3,4,"월,화,수,목,금,토,일",18:00,00:00,,
198,문외동경로당,경상북도 영천시 동문길 114-6 ,경상북도 영천시 문외동 178-2,66,19,"월,화,수,목,금,토,일",09:00,18:00,1,1
199,문내동경로당,경상북도 영천시 옛군청2길 27-35 ,경상북도 영천시 문내동 69,80.64,45,"월,화,수,목,금,토,일",09:00,18:00,1,1
200,창구동경로당,경상북도 영천시 법원길 80,경상북도 영천시 창구동 149-1,95.8,32,"월,화,수,목,금,토,일",09:00,18:00,1,1
201,과전동경로당,경상북도 영천시 창대서원2길 32,경상북도 영천시 과전동 25,48.93,20,"월,화,수,목,금,토,일",09:00,18:00,1,1
202,신우맨션경로당,경상북도 영천시 상록4길 5,경상북도 영천시 문외동 49-1,130,25,"월,화,수,목,금,토,일",09:00,18:00,2,1
203,무궁화타운경로당,경상북도 영천시 충효로 97,경상북도 영천시 문외동 49,98.1,80,"월,화,수,목,금,토,일",09:00,18:00,4,2
204,영진궁전경로당,경상북도 영천시 호국로 23,경상북도 영천시 문외동 49-2,85.42,25,"월,화,수,목,금,토,일",09:00,18:00,2,1
205,도림2동경로당,경상북도 영천시 선창길 11,경상북도 영천시 도림동 709-1,70.2,46,"월,화,수,목,금,토,일",09:00,18:00,2,1
206,매산2동경로당,경상북도 영천시 갈마일길 119-4 ,경상북도 영천시 매산동 772-1,96.78,39,"월,화,수,목,금,토,일",09:00,18:00,2,2
207,매산하명경로당,경상북도 영천시 하명길 54,경상북도 영천시 매산동 435,72.54,17,"월,화,수,목,금,토,일",09:00,18:00,2,1
208,중앙부인경로당,경상북도 영천시 동문길 114-6 ,경상북도 영천시 문외동 178-2,66.15,42,"월,화,수,목,금,토,일",09:00,18:00,1,1
209,창구부인경로당,경상북도 영천시 법원길 80,경상북도 영천시 창구동 149-1,169,38,"월,화,수,목,금,토,일",09:00,18:00,1,1
210,과전부인경로당,경상북도 영천시 창대서원2길 32,경상북도 영천시 과전동 25,96,30,"월,화,수,목,금,토,일",09:00,18:00,1,1
211,교촌경로당,경상북도 영천시 향교길 15-3 ,경상북도 영천시 교촌동 85,48,40,"월,화,수,목,금,토,일",09:00,18:00,2,1
212,성내경로당,경상북도 영천시 최무선로 247,경상북도 영천시 성내동 121,101,75,"월,화,수,목,금,토,일",09:00,18:00,2,2
213,영서교동경로당,경상북도 영천시 나루터길 11,경상북도 영천시 성내동 205-2,107,50,"월,화,수,목,금,토,일",09:00,18:00,2,1
214,오수경로당,경상북도 영천시 오수2길 43,경상북도 영천시 오수동 138-3,98,60,"월,화,수,목,금,토,일",09:00,18:00,2,1
215,영천농원경로당,경상북도 영천시 유봉길 64,경상북도 영천시 오수동 392-3,67,45,"월,화,수,목,금,토,일",09:00,18:00,2,1
216,녹원경로당,경상북도 영천시 상아탑길 13,경상북도 영천시 화룡동 181-7,42,39,"월,화,수,목,금,토,일",09:00,18:00,2,1
217,대전1경로당,경상북도 영천시 대전길 121,경상북도 영천시 대전동 365-1,91,64,"월,화,수,목,금,토,일",09:00,18:00,2,1
218,대전2경로당,경상북도 영천시 대전길 37,경상북도 영천시 대전동 595-4,81,36,"월,화,수,목,금,토,일",09:00,18:00,2,1
219,양지맨션경로당,경상북도 영천시 상아탑길 7-6 ,경상북도 영천시 화룡동 182-3,50,22,"월,화,수,목,금,토,일",09:00,18:00,2,1
220,화룡경로당,경상북도 영천시 음지길 44,경상북도 영천시 화룡동 740-2,165,45,"월,화,수,목,금,토,일",09:00,18:00,2,1
221,서산경로당,경상북도 영천시 서운길 179,경상북도 영천시 서산동 905-1,94,38,"월,화,수,목,금,토,일",09:00,18:00,2,1
222,쌍계경로당,,경상북도 영천시 쌍계동 265-7,79,40,"월,화,수,목,금,토,일",09:00,18:00,2,1
223,태평스카이경로당,경상북도 영천시 장수로 10,경상북도 영천시 화룡동 201,222,20,"월,화,수,목,금,토,일",09:00,18:00,2,1
224,영동교교량하부야외무더위쉼터,,경상북도 영천시 완산동 1038-1,"4,800.00",728,"월,화,수,목,금,토,일",18:00,00:00,,
225,8.9통경로당,,경상북도 영천시 완산동 906-34,69,17,"월,화,수,목,금,토,일",09:00,18:00,2,1
226,남부경로당,경상북도 영천시 강남2길 7,경상북도 영천시 완산동 1062-9,35,8,"월,화,수,목,금,토,일",09:00,18:00,2,1
227,1통경로당,경상북도 영천시 바깥완산길 89,경상북도 영천시 완산동 565,42,15,"월,화,수,목,금,토,일",09:00,18:00,2,1
228,2통경로당,경상북도 영천시 안완산길 81,경상북도 영천시 완산동 438-1,39,15,"월,화,수,목,금,토,일",09:00,18:00,3,1
229,3통경로당,,경상북도 영천시 완산동 966-16,59,15,"월,화,수,목,금,토,일",09:00,18:00,2,1
230,완산청구하이츠경로당,경상북도 영천시 강남길 33,경상북도 영천시 완산동 988-4,50,15,"월,화,수,목,금,토,일",09:00,18:00,2,2
231,완산궁전경로당,경상북도 영천시 완산6길 29,경상북도 영천시 완산동 1009-1,80,20,"월,화,수,목,금,토,일",09:00,18:00,2,1
232,10통경로당,경상북도 영천시 구읍2길 19,경상북도 영천시 완산동 1089-16,52,15,"월,화,수,목,금,토,일",09:00,18:00,2,1
233,7통경로당,경상북도 영천시 약전1길 17,경상북도 영천시 완산동 938-10,84,21,"월,화,수,목,금,토,일",09:00,18:00,2,1
234,도동1통경로당,경상북도 영천시 도동구역길 37,경상북도 영천시 도동 542-10,71.83,25,"월,화,수,목,금,토,일",09:00,18:00,3,1
235,도동2통경로당,경상북도 영천시 상산길 32,경상북도 영천시 도동 519-3,81.59,30,"월,화,수,목,금,토,일",09:00,18:00,3,1
236,남부동복지회관,경상북도 영천시 쇠늘안길 5,경상북도 영천시 도동 178-10,715.68,250,"월,화,수,목,금,토,일",09:00,18:00,2,3
237,"금노5,6경로당",경상북도 영천시 담안4길 42-10 ,경상북도 영천시 금노동 540-9,67.64,25,"월,화,수,목,금,토,일",09:00,18:00,1,1
238,금노4경로당,경상북도 영천시 담안1길 29,경상북도 영천시 금노동 556-7,159,50,"월,화,수,목,금,토,일",09:00,18:00,2,1
239,금노8경로당,경상북도 영천시 천문로 208-13 ,경상북도 영천시 금노동 372-51,74.9,30,"월,화,수,목,금,토,일",09:00,18:00,5,1
240,범어경로당,경상북도 영천시 범어2길 187,경상북도 영천시 범어동 445-1,98.96,40,"월,화,수,목,금,토,일",09:00,18:00,1,1
241,범어진옥경로당,경상북도 영천시 범어2길 3-3 ,경상북도 영천시 범어동 765-1,84.81,30,"월,화,수,목,금,토,일",09:00,18:00,3,1
242,작산경로당,경상북도 영천시 한방로 227-139 ,경상북도 영천시 작산동 197-3,97.85,35,"월,화,수,목,금,토,일",09:00,18:00,4,1
243,봉동경로당,경상북도 영천시 봉동2길 23-60 ,경상북도 영천시 봉동 673-11,77.1,30,"월,화,수,목,금,토,일",09:00,18:00,2,1
244,도남경로당,경상북도 영천시 칠백로 843,경상북도 영천시 도남동 559,90.64,35,"월,화,수,목,금,토,일",09:00,18:00,2,1
245,도남윗마을경로당,경상북도 영천시 도남길 40,경상북도 영천시 도남동 66,76.02,30,"월,화,수,목,금,토,일",09:00,18:00,2,1
246,본촌경로당,경상북도 영천시 예실큰길 4-15 ,경상북도 영천시 본촌동 639,23.6,30,"월,화,수,목,금,토,일",09:00,18:00,2,1
247,채신경로당,경상북도 영천시 영천산단로 485,경상북도 영천시 채신동 503,99.81,80,"월,화,수,목,금,토,일",09:00,18:00,2,1
248,괴연경로당,경상북도 영천시 신성일로 474,경상북도 영천시 괴연동 320-1,40.5,70,"월,화,수,목,금,토,일",09:00,18:00,2,1
249,작산11통경로당,경상북도 영천시 한방로 223-4 ,경상북도 영천시 작산동 154-1,39.12,25,"월,화,수,목,금,토,일",09:00,18:00,2,1

